id,composicion,aleacion,Al,Cu,Fe,Cr,Si,Mn,Ti,Ni,Mg,Li,Sc,N,O,Be,Zn,Zr,V,Ca,Nb,Sn,Ta,Hf,Co,Mo,C,W,Pd,S,B,Mi,Y
1,Al41-Cu13-Fe14-Cr16-Si16,Al40Cu15Cr15Fe15Si15,41,13,14,16,16,0,0,0,0,0,0,0,0,0,0,0,0,0,0,0,0,0,0,0,0,0,0,0,0,0,0
2,Al66-Cu6-Cr4-Si13-Mn7-Ti4,Al65Cu5Cr5Si15Mn5Ti5,66,6,0,4,13,7,4,0,0,0,0,0,0,0,0,0,0,0,0,0,0,0,0,0,0,0,0,0,0,0,0
3,Al60-Cu11-Fe10-Cr6-Mn5-Ni6-Mg2,Al60Cu10Fe10Cr5Mn5Ni5Mg5,60,11,10,6,0,5,0,6,2,0,0,0,0,0,0,0,0,0,0,0,0,0,0,0,0,0,0,0,0,0,0
4,Al20-Li20-Mg10-Sc20-Ti30,Al20Li20Mg10Sc20Ti30,20,0,0,0,0,0,30,0,10,20,20,0,0,0,0,0,0,0,0,0,0,0,0,0,0,0,0,0,0,0,0
5,"(Al20-Li20-Mg10-Sc20-Ti30)98,21-N0,4-O1,39","Al20Li20Mg10Sc20Ti31  w/ N, O",20,0,0,0,0,0,30,0,10,20,20,0.4,1.3900000000000001,0,0,0,0,0,0,0,0,0,0,0,0,0,0,0,0,0,0
6,"Al21,4-Be19,6-Fe12-Si13,1-Ti32,8",Al20Be20Fe10Si15Ti35,21.4,0,12,0,13.1,0,32.8,0,0,0,0,0,0,19.6,0,0,0,0,0,0,0,0,0,0,0,0,0,0,0,0,0
7,Mg20-(Mn25-Al25-Zn25-Cu25)80,Mg20(MnAlZnCu)80,25,25,0,0,0,25,0,0,20,0,0,0,0,0,25,0,0,0,0,0,0,0,0,0,0,0,0,0,0,0,0
8,Mg33-(Mn25-Al25-Zn25-Cu25)67,Mg33(MnAlZnCu)67,25,25,0,0,0,25,0,0,33,0,0,0,0,0,25,0,0,0,0,0,0,0,0,0,0,0,0,0,0,0,0
9,Mg43-(Mn25-Al25-Zn25-Cu25)57,Mg43(MnAlZnCu)57,25,25,0,0,0,25,0,0,43,0,0,0,0,0,25,0,0,0,0,0,0,0,0,0,0,0,0,0,0,0,0
10,"Mg45,6-(Mn25-Al25-Zn25-Cu25)54,4",Mg45.6(MnAlZnCu)54.4,25,25,0,0,0,25,0,0,45.6,0,0,0,0,0,25,0,0,0,0,0,0,0,0,0,0,0,0,0,0,0,0
11,Mg50-(Mn25-Al25-Zn25-Cu25)50,Mg50(MnAlZnCu)50,25,25,0,0,0,25,0,0,50,0,0,0,0,0,25,0,0,0,0,0,0,0,0,0,0,0,0,0,0,0,0
12,"Mg19,1-Mn20,4-Al20,3-Zn19,8-Cu20,4",MgMnAlZnCu (Air),20.3,20.4,0,0,0,20.4,0,0,19.1,0,0,0,0,0,19.8,0,0,0,0,0,0,0,0,0,0,0,0,0,0,0,0
13,"Mg19,8-Mn19,4-Al19,8-Zn20,8-Cu20,2",MgMnAlZnCu (Water),19.8,20.2,0,0,0,19.4,0,0,19.8,0,0,0,0,0,20.8,0,0,0,0,0,0,0,0,0,0,0,0,0,0,0,0
14,"Mg19,3-Mn19,8-Al20,6-Zn20,2-Cu20,1",MgMnAlZnCu (Salt),20.6,20.1,0,0,0,19.8,0,0,19.3,0,0,0,0,0,20.2,0,0,0,0,0,0,0,0,0,0,0,0,0,0,0,0
15,Al36-Cu12-Si34-Mn6-Zn7-Ni5,Al40Cu15Mn5Ni5Si20Zn15,36,12,0,0,34,6,0,5,0,0,0,0,0,0,7,0,0,0,0,0,0,0,0,0,0,0,0,0,0,0,0
16,Al38-Cu15-Si16-Mn4-Zn10-Fe6-Ti11,Al45Cu15Mn5Fe5Si5Ti5Zn20,38,15,6,0,16,4,11,0,0,0,0,0,0,0,10,0,0,0,0,0,0,0,0,0,0,0,0,0,0,0,0
17,Al38-Cu6-Si32-Mn5-Fe5-Zr8-V6,Al35Cu5Fe5Mn5Si30V10Zr10,38,6,5,0,32,5,0,0,0,0,0,0,0,0,0,8,6,0,0,0,0,0,0,0,0,0,0,0,0,0,0
18,Al56-Cu7-Si21-Ni7-Ti4-Ca5,Al50Ca5Cu5Ni10Si20Ti10,56,7,0,0,21,0,4,7,0,0,0,0,0,0,0,0,0,5,0,0,0,0,0,0,0,0,0,0,0,0,0
19,"Al27,6-Nb24,1-Ti24,8-V23,5",AlNbTiV,27.6,0,0,0,0,0,24.8,0,0,0,0,0,0,0,0,0,23.5,0,24.1,0,0,0,0,0,0,0,0,0,0,0,0
20,"Al25,6-Cr10,2-Nb22,2-Ti21,4-V20,6",AlCr0.5NbTiV,25.6,0,0,10.2,0,0,21.4,0,0,0,0,0,0,0,0,0,20.6,0,22.2,0,0,0,0,0,0,0,0,0,0,0,0
21,"Al22,9-Cr18,8-Nb20,2-Ti19,3-V18,8",AlCrNbTiV,22.9,0,0,18.8,0,0,19.3,0,0,0,0,0,0,0,0,0,18.8,0,20.2,0,0,0,0,0,0,0,0,0,0,0,0
22,"Al21,7-Cr25,0-Nb18,7-Ti17,8-V16,8",AlCr1.5NbTiV,21.7,0,0,25,0,0,17.8,0,0,0,0,0,0,0,0,0,16.8,0,18.7,0,0,0,0,0,0,0,0,0,0,0,0
23,Al20-Li20-Mg20-Zn20-Sn20,AlLiMgZnSn,20,0,0,0,0,0,0,0,20,20,0,0,0,0,20,0,0,0,0,20,0,0,0,0,0,0,0,0,0,0,0
24,"(Al50-Mg50)98,8-Li0,5-Zn0,5-Sn0,2",AlLi0.5MgZn0.5Sn0.2,50,0,0,0,0,0,0,0,50,0.5,0,0,0,0,0.5,0,0,0,0,0.2,0,0,0,0,0,0,0,0,0,0,0
25,(Al50-Mg50)85-Li5-Zn5-Cu2,Al80Li5Mg5Zn5Cu5,50,2,0,0,0,0,0,0,50,5,0,0,0,0,5,0,0,0,0,0,0,0,0,0,0,0,0,0,0,0,0
26,(Al50-Mg50)85-Li5-Zn5-Sn2,Al80Li5Mg5Zn5Sn5,50,0,0,0,0,0,0,0,50,5,0,0,0,0,5,0,0,0,0,2,0,0,0,0,0,0,0,0,0,0,0
27,Ti60-Cu14-Ni12-Sn4-Nb10,Ti60Cu14Ni12Sn4Nb10,0,14,0,0,0,0,60,12,0,0,0,0,0,0,0,0,0,0,10,4,0,0,0,0,0,0,0,0,0,0,0
28,Ti60-Cu14-Ni12-Sn4-Ta10,Ti60Cu14Ni12Sn4Ta10,0,14,0,0,0,0,60,12,0,0,0,0,0,0,0,0,0,0,0,4,10,0,0,0,0,0,0,0,0,0,0
29,Ti50-Cu23-Ni20-Sn7,Ti50Cu23Ni20Sn7,0,23,0,0,0,0,50,20,0,0,0,0,0,0,0,0,0,0,0,7,0,0,0,0,0,0,0,0,0,0,0
30,"Ti19,42-Zr20,36-Hf20,47-Nb24,32-V15,43",Ti20Zr20Hf20Nb20V20,0,0,0,0,0,0,19.419999999999998,0,0,0,0,0,0,0,0,20.36,15.43,0,24.32,0,0,20.47,0,0,0,0,0,0,0,0,0
31,"TI18,14-Zr21,9-Hf24,26-Nb26,29-Cr-9,11",Ti20Zr20Hf20Nb20Cr20,0,0,0,9.409999999999997,0,0,18.14,0,0,0,0,0,0,0,0,21.9,0,0,26.29,0,0,24.259999999999998,0,0,0,0,0,0,0,0,0
32,(Co33-Cr33-Ni33)94-Al3-Ti3,(CoCrNi)94Al3Ti3,3,0,0,33,0,0,3,33,0,0,0,0,0,0,0,0,0,0,0,0,0,0,33,0,0,0,0,0,0,0,0
33,Ni33-Co33-Cr33,NiCoCr,0,0,0,33,0,0,0,33,0,0,0,0,0,0,0,0,0,0,0,0,0,0,33,0,0,0,0,0,0,0,0
34,Fe25-Co25-Ni25-Mn25,FeCoNiCr,0,0,25,0,0,25,0,25,0,0,0,0,0,0,0,0,0,0,0,0,0,0,25,0,0,0,0,0,0,0,0
35,Fe20-Co20-Ni20-Cr20-Mn20,FeCoNiCrMn,0,0,20,20,0,20,0,20,0,0,0,0,0,0,0,0,0,0,0,0,0,0,20,0,0,0,0,0,0,0,0
36,(Fe25-Co25-Ni25-Cr25)94-Mn6,(FeCoNiCr)94Mn6,0,0,25,25,0,6,0,25,0,0,0,0,0,0,0,0,0,0,0,0,0,0,25,0,0,0,0,0,0,0,0
37,(Fe25-Co25-Ni25-Cr25)86-Mn14,(FeCoNiCr)86Mn14,0,0,25,25,0,14,0,25,0,0,0,0,0,0,0,0,0,0,0,0,0,0,25,0,0,0,0,0,0,0,0
38,Fe20-Co15-Ni25-Cr20-Mn20,Fe20Co15Ni25Cr20Mn20,0,0,20,20,0,20,0,25,0,0,0,0,0,0,0,0,0,0,0,0,0,0,15,0,0,0,0,0,0,0,0
39,"Fe25,9-Co24,3Ni24,7-Cr23,1",FeCoNiCr,0,0,25.9,23.1,0,0,0,24.7,0,0,0,0,0,0,0,0,0,0,0,0,0,0,24.3,0,0,0,0,0,0,0,0
40,"Fe24,1-Co23,3-Ni24,1-Cr22,0-Ti2,1-Al4,4",(FeCoNiCr)94Ti2Al4,4.4,0,24.1,22,0,0,2.1,24.1,0,0,0,0,0,0,0,0,0,0,0,0,0,0,23.3,0,0,0,0,0,0,0,0
41,(Fe25-Co25-Ni25-Cr25)95-Ti1-Al4,(FeCoNiCr)95Ti1Al4,4,0,25,25,0,0,1,25,0,0,0,0,0,0,0,0,0,0,0,0,0,0,25,0,0,0,0,0,0,0,0
42,(Fe25-Co25-Ni25-Cr25)94-Ti2-Al4,(FeCoNiCr)94Ti2Al4,4,0,25,25,0,0,2,25,0,0,0,0,0,0,0,0,0,0,0,0,0,0,25,0,0,0,0,0,0,0,0
43,(Fe25-Co25-Ni25-Cr25)91-Ti3-Al6,(FeCoNiCr)91Ti3Al6,6,0,25,25,0,0,3,25,0,0,0,0,0,0,0,0,0,0,0,0,0,0,25,0,0,0,0,0,0,0,0
44,(Fe25-Co25-Ni25-Cr25)88-Ti3-Al9,(FeCoNiCr)88Ti3Al9,9,0,25,25,0,0,3,25,0,0,0,0,0,0,0,0,0,0,0,0,0,0,25,0,0,0,0,0,0,0,0
45,Ti25-Zr25-Nb25-Ta25,TiZrNbTa,0,0,0,0,0,0,25,0,0,0,0,0,0,0,0,25,0,0,25,0,25,0,0,0,0,0,0,0,0,0,0
46,(Ti25-Zr25-Nb25-Ta25)95-Mo5,(TiZrNbTa)95Mo5,0,0,0,0,0,0,25,0,0,0,0,0,0,0,0,25,0,0,25,0,25,0,0,5,0,0,0,0,0,0,0
47,(Ti25-Zr25-Nb25-Ta25)90Mo10,(TiZrNbTa)90Mo10,0,0,0,0,0,0,25,0,0,0,0,0,0,0,0,25,0,0,25,0,25,0,0,10,0,0,0,0,0,0,0
48,(Ti25-Zr25-Nb25-Ta25)85Mo15,(TiZrNbTa)85Mo15,0,0,0,0,0,0,25,0,0,0,0,0,0,0,0,25,0,0,25,0,25,0,0,15,0,0,0,0,0,0,0
49,(Ti25-Zr25-Nb25-Ta25)80Mo20,(TiZrNbTa)80Mo20,0,0,0,0,0,0,25,0,0,0,0,0,0,0,0,25,0,0,25,0,25,0,0,20,0,0,0,0,0,0,0
50,"Fe49,35-Mn30,48-Co10,31-Cr9,24-C0,63","Fe49,5Mn30Co10Cr10C0,5",0,0,49.349999999999994,9.239999999999998,0,30.479999999999997,0,0,0,0,0,0,0,0,0,0,0,0,0,0,0,0,10.31,0,0.63,0,0,0,0,0,0
51,"Fe49,35-Mn30,48-Co10,31-Cr9,24-C0,64","Fe49,5Mn30Co10Cr10C0,6",0,0,49.349999999999994,9.239999999999998,0,30.479999999999997,0,0,0,0,0,0,0,0,0,0,0,0,0,0,0,0,10.31,0,0.64,0,0,0,0,0,0
52,"Fe49,35-Mn30,48-Co10,31-Cr9,24-C0,65","Fe49,5Mn30Co10Cr10C0,7",0,0,49.349999999999994,9.239999999999998,0,30.479999999999997,0,0,0,0,0,0,0,0,0,0,0,0,0,0,0,0,10.31,0,0.65,0,0,0,0,0,0
53,Co25-Cr25-Mn25-Ni25,CoCrMnNi,0,0,0,25,0,25,0,25,0,0,0,0,0,0,0,0,0,0,0,0,0,0,25,0,0,0,0,0,0,0,0
54,Cr20-Mn20-Fe20-Co20-Ni20,CrMnFeCoNi,0,0,20,20,0,20,0,20,0,0,0,0,0,0,0,0,0,0,0,0,0,0,20,0,0,0,0,0,0,0,0
55,Cr25-Fe25-Co25-Ni25,CrFeCoNi,0,0,25,25,0,0,0,25,0,0,0,0,0,0,0,0,0,0,0,0,0,0,25,0,0,0,0,0,0,0,0
56,"Al2,44-Co24,4-Cr24,4-Fe24,4-Ni24,4","Al0,1CoCrFeNi",2.44,0,24.4,24.4,0,0,0,24.4,0,0,0,0,0,0,0,0,0,0,0,0,0,0,24.4,0,0,0,0,0,0,0,0
57,"Al2,44-Co24,4-Cr24,4-Fe24,4-Ni24,4","Al0,1CoCrFeNi",2.44,0,24.4,24.4,0,0,0,24.4,0,0,0,0,0,0,0,0,0,0,0,0,0,0,24.4,0,0,0,0,0,0,0,0
58,"Al2,44-Co24,4-Cr24,4-Fe24,4-Ni24,5","Al0,1CoCrFeNi",2.44,0,24.4,24.4,0,0,0,24.5,0,0,0,0,0,0,0,0,0,0,0,0,0,0,24.4,0,0,0,0,0,0,0,0
59,"Al2,3-Cr23,8-Nb24,1-V23,4-Mo26,4",Al0.1CrNbVMo,2.3,0,0,23.8,0,0,0,0,0,0,0,0,0,0,0,0,23.4,0,24.1,0,0,0,0,26.4,0,0,0,0,0,0,0
60,"Al2,3-Cr23,8-Nb24,1-V23,4-Mo26,4",Al0.1CrNbVMo,2.3,0,0,23.8,0,0,0,0,0,0,0,0,0,0,0,0,23.4,0,24.1,0,0,0,0,26.4,0,0,0,0,0,0,0
61,"Al2,3-Cr23,8-Nb24,1-V23,4-Mo26,4",Al0.1CrNbVMo,2.3,0,0,23.8,0,0,0,0,0,0,0,0,0,0,0,0,23.4,0,24.1,0,0,0,0,26.4,0,0,0,0,0,0,0
62,W20-Nb20-Mo20-Ta20-V20,WNbMoTaV,0,0,0,0,0,0,0,0,0,0,0,0,0,0,0,0,20,0,20,0,20,0,0,20,0,20,0,0,0,0,0
63,W20-Nb20-Mo20-Ta20-V20,WNbMoTaV,0,0,0,0,0,0,0,0,0,0,0,0,0,0,0,0,20,0,20,0,20,0,0,20,0,20,0,0,0,0,0
64,W20-Nb20-Mo20-Ta20-V20,WNbMoTaV,0,0,0,0,0,0,0,0,0,0,0,0,0,0,0,0,20,0,20,0,20,0,0,20,0,20,0,0,0,0,0
65,"Co25,5-Ni24,8-Fe6,2-Al6,7-Cu16,8",Co25Ni25Fe25Al7.5Cu17.5,6.7,16.8,6.2,0,0,0,0,24.8,0,0,0,0,0,0,0,0,0,0,0,0,0,0,25.5,0,0,0,0,0,0,0,0
66,"Co25-Ni24,9-Fe26,6-Al6,6-Cu16,9",Co25Ni25Fe25Al7.5Cu17.5,6.6,16.9,26.6,0,0,0,0,24.9,0,0,0,0,0,0,0,0,0,0,0,0,0,0,25,0,0,0,0,0,0,0,0
67,Co20-Cr20-Cu20-Fe20-Ni20,CoCrCuFeNi,0,20,20,20,0,0,0,20,0,0,0,0,0,0,0,0,0,0,0,0,0,0,20,0,0,0,0,0,0,0,0
68,"Co18,2-Cr18,2-Cu18,2-Fe18,2-Ni18,2-Ti9",CoCrCuFeNiTi0.5,0,18.2,18.2,18.2,0,0,9,18.2,0,0,0,0,0,0,0,0,0,0,0,0,0,0,18.2,0,0,0,0,0,0,0,0
69,"Co17,34-Cr17,34-Cu17,34-Fe17,34-Ni17,34-Ti13,28",CoCrCuFeNiTi0.8,0,17.34,17.34,17.34,0,0,13.28,17.34,0,0,0,0,0,0,0,0,0,0,0,0,0,0,17.34,0,0,0,0,0,0,0,0
70,"Co16,6-Cr16,6-Cu16,6-Fe16,6-Ni16,6-Ti16,6",CoCrCuFeNiTi,0,16.6,16.6,16.6,0,0,16.6,16.6,0,0,0,0,0,0,0,0,0,0,0,0,0,0,16.6,0,0,0,0,0,0,0,0
71,"Al16,6-Co16,6-Cr16,6-Cu16,6-Fe16,6-Ni16,6",AlCoCrCuFeNi,16.6,16.6,16.6,16.6,0,0,0,16.6,0,0,0,0,0,0,0,0,0,0,0,0,0,0,16.6,0,0,0,0,0,0,0,0
72,"Al9-Co18,1-Cr18,1-Cu18,1-Fe18,1-Ni18,1",Al0.5CoCrCuFeNi,9,18.1,18.1,18.1,0,0,0,18.1,0,0,0,0,0,0,0,0,0,0,0,0,0,0,18.1,0,0,0,0,0,0,0,0
73,"Al18,1-Co9-Cr18,1-Cu18,1-Fe18,1-Ni18,1",AlCo0.5CrCuFeNi,18.1,18.1,18.1,18.1,0,0,0,18.1,0,0,0,0,0,0,0,0,0,0,0,0,0,0,9,0,0,0,0,0,0,0,0
74,"Al18,1-Co18,1-Cr9-Cu18,1-Fe18,1-Ni18,1",AlCoCr0.5CuFeNi,18.1,18.1,18.1,9,0,0,0,18.1,0,0,0,0,0,0,0,0,0,0,0,0,0,0,18.1,0,0,0,0,0,0,0,0
75,"Al18,1-Co18,1-Cr18,1-Cu9-Fe18,1-Ni18,1",AlCoCrCu0.5FeNi,18.1,9,18.1,18.1,0,0,0,18.1,0,0,0,0,0,0,0,0,0,0,0,0,0,0,18.1,0,0,0,0,0,0,0,0
76,"Al18,1-Co18,1-Cr18,1-Cu18,1-Fe9-Ni18,1",AlCoCrCuFe0.5Ni,18.1,18.1,9,18.1,0,0,0,18.1,0,0,0,0,0,0,0,0,0,0,0,0,0,0,18.1,0,0,0,0,0,0,0,0
77,"Al18,1-Co18,1-Cr18,1-Cu18,1-Fe18,1-Ni9",AlCoCrCuFeNi0.5,18.1,18.1,18.1,18.1,0,0,0,9,0,0,0,0,0,0,0,0,0,0,0,0,0,0,18.1,0,0,0,0,0,0,0,0
78,"Al6,98-Co23,26-Cr23,26-Fe23,26-Ni23,26",Al0.3CoCrFeNi,6.98,0,23.259999999999998,23.259999999999998,0,0,0,23.259999999999998,0,0,0,0,0,0,0,0,0,0,0,0,0,0,23.259999999999998,0,0,0,0,0,0,0,0
79,"Al6,98-Co23,26-Cr23,26-Fe23,26-Ni23,27",Al0.3CoCrFeNi,6.98,0,23.259999999999998,23.259999999999998,0,0,0,23.27,0,0,0,0,0,0,0,0,0,0,0,0,0,0,23.259999999999998,0,0,0,0,0,0,0,0
80,"Al6,98-Co23,26-Cr23,26-Fe23,26-Ni23,28",Al0.3CoCrFeNi,6.98,0,23.259999999999998,23.259999999999998,0,0,0,23.279999999999998,0,0,0,0,0,0,0,0,0,0,0,0,0,0,23.259999999999998,0,0,0,0,0,0,0,0
81,"Al6,98-Co23,26-Cr23,26-Fe23,26-Ni23,29",Al0.3CoCrFeNi,6.98,0,23.259999999999998,23.259999999999998,0,0,0,23.29,0,0,0,0,0,0,0,0,0,0,0,0,0,0,23.259999999999998,0,0,0,0,0,0,0,0
82,"Al6,98-Co23,26-Cr23,26-Fe23,26-Ni23,30",Al0.3CoCrFeNi,6.98,0,23.259999999999998,23.259999999999998,0,0,0,23.3,0,0,0,0,0,0,0,0,0,0,0,0,0,0,23.259999999999998,0,0,0,0,0,0,0,0
83,"Al6,98-Co23,26-Cr23,26-Fe23,26-Ni23,31",Al0.3CoCrFeNi,6.98,0,23.259999999999998,23.259999999999998,0,0,0,23.310000000000002,0,0,0,0,0,0,0,0,0,0,0,0,0,0,23.259999999999998,0,0,0,0,0,0,0,0
84,"Nb28,3-Ti24,5-V23,0-Zr24,2",NbTiVZr,0,0,0,0,0,0,24.5,0,0,0,0,0,0,0,0,24.2,23,0,28.3,0,0,0,0,0,0,0,0,0,0,0,0
85,"Nb22,6-Ti19,4-V37,2-Zr20,8",NbTiV2Zr,0,0,0,0,0,0,19.4,0,0,0,0,0,0,0,0,20.8,37.2,0,22.6,0,0,0,0,0,0,0,0,0,0,0,0
86,"Cr24,6-Nb26,7-Ti23,9-Zr24,8",CrNbTiZr,0,0,0,24.6,0,0,23.9,0,0,0,0,0,0,0,0,24.8,0,0,26.7,0,0,0,0,0,0,0,0,0,0,0,0
87,"Cr20,2-Nb20-Ti19,9-V19,6-Zr20,3",CrNbTiVZr,0,0,0,20.2,0,0,19.9,0,0,0,0,0,0,0,0,20.3,19.6,0,20,0,0,0,0,0,0,0,0,0,0,0,0
88,Co20-Cr20-Fe20-Mn20-Ni20,CoCrFeMnNi,0,0,20,20,0,20,0,20,0,0,0,0,0,0,0,0,0,0,0,0,0,0,20,0,0,0,0,0,0,0,0
89,Co20-Cr20-Fe20-Mn20-Ni20,CoCrFeMnNi,0,0,20,20,0,20,0,20,0,0,0,0,0,0,0,0,0,0,0,0,0,0,20,0,0,0,0,0,0,0,0
90,Co20-Cr20-Fe20-Mn20-Ni20,CoCrFeMnNi,0,0,20,20,0,20,0,20,0,0,0,0,0,0,0,0,0,0,0,0,0,0,20,0,0,0,0,0,0,0,0
91,Cr20-Fe20-C20-Ni20-Pd20,CrFeCoNiPd,0,0,20,20,0,0,0,20,0,0,0,0,0,0,0,0,0,0,0,0,0,0,0,0,20,0,20,0,0,0,0
92,Cr20-Fe20-C20-Ni20-Pd21,CrFeCoNiPd,0,0,20,20,0,0,0,20,0,0,0,0,0,0,0,0,0,0,0,0,0,0,0,0,20,0,21,0,0,0,0
93,Fe40-Ni25-Cr15-Co10-V10,40Fe–25Ni–15Cr–10Co–10V,0,0,40,15,0,0,0,25,0,0,0,0,0,0,0,0,10,0,0,0,0,0,10,0,0,0,0,0,0,0,0
94,Fe40-Ni25-Cr15-Co10-V10,40Fe–25Ni–15Cr–10Co–10V,0,0,40,15,0,0,0,25,0,0,0,0,0,0,0,0,10,0,0,0,0,0,10,0,0,0,0,0,0,0,0
95,"Al6,98-Co23,26-Cr23,26-Fe23,26-Ni23,26",Al0.3CoCrFeNi,6.98,0,23.259999999999998,23.259999999999998,0,0,0,23.259999999999998,0,0,0,0,0,0,0,0,0,0,0,0,0,0,23.259999999999998,0,0,0,0,0,0,0,0
96,"Al6,98-Co23,26-Cr23,26-Fe23,26-Ni23,26",Al0.3CoCrFeNi,6.98,0,23.259999999999998,23.259999999999998,0,0,0,23.259999999999998,0,0,0,0,0,0,0,0,0,0,0,0,0,0,23.259999999999998,0,0,0,0,0,0,0,0
97,Co20-Cr20-Fe20-Mn20-Ni20,CoCrFeNiMn,0,0,20,20,0,20,0,20,0,0,0,0,0,0,0,0,0,0,0,0,0,0,20,0,0,0,0,0,0,0,0
98,Co20-Cr20-Fe20-Mn20-Ni20,CoCrFeNiMn,0,0,20,20,0,20,0,20,0,0,0,0,0,0,0,0,0,0,0,0,0,0,20,0,0,0,0,0,0,0,0
106,Al15-Co25-Ni25-Fe25-Ti10,Al0.6CoNiFeTi0.4,15,0,25,0,0,0,10,25,0,0,0,0,0,0,0,0,0,0,0,0,0,0,25,0,0,0,0,0,0,0,0
107,Al-Co-Cr-Fe-Ni,AlCoCrFeNi,20,0,20,20,0,0,0,20,0,0,0,0,0,0,0,0,0,0,0,0,0,0,20,0,0,0,0,0,0,0,0
108,Al-Co-Cr-Fe-Nb0.1-Ni,AlCoCrFeNb0.1Ni,19.98,0,19.98,19.98,0,0,0,19.98,0,0,0,0,0,0,0,0,0,0,0.1,0,0,0,19.98,0,0,0,0,0,0,0,0
109,Al-Co-Cr-Fe-Nb0.25-Ni,AlCoCrFeNb0.25Ni,19.95,0,19.95,19.95,0,0,0,19.95,0,0,0,0,0,0,0,0,0,0,0.25,0,0,0,19.95,0,0,0,0,0,0,0,0
110,Al-Co-Cr-Fe-Nb0.5-Ni,AlCoCrFeNb0.5Ni,19.9,0,19.9,19.9,0,0,0,19.9,0,0,0,0,0,0,0,0,0,0,0.5,0,0,0,19.9,0,0,0,0,0,0,0,0
111,"Al16,6-Cr16,6-Fe16,6-Co16,6-Ni16,6-Cu16,6",AlCrFeCoNiCu,16.6,16.6,16.6,16.6,0,0,0,16.6,0,0,0,0,0,0,0,0,0,0,0,0,0,0,16.6,0,0,0,0,0,0,0,0
112,"Al14,28-Cr14,28-Fe14,28-Co14,28-Cu14,28-Mn14,28",AlCrFeCoNiCuMn,14.28,14.28,14.28,14.28,0,14.28,0,0,0,0,0,0,0,0,0,0,0,0,0,0,0,0,14.28,0,0,0,0,0,0,0,0
113,"Al14,28-Cr14,28-Fe14,28-Co14,28-Cu14,28-Ti14,29",AlCrFeCoNiCuTi,14.28,14.28,14.28,14.28,0,0,14.29,0,0,0,0,0,0,0,0,0,0,0,0,0,0,0,14.28,0,0,0,0,0,0,0,0
114,"Al14,28-Cr14,28-Fe14,28-Co14,28-Cu14,28-V14,30",AlCrFeCoNiCuV,14.28,14.28,14.28,14.28,0,0,0,0,0,0,0,0,0,0,0,0,14.3,0,0,0,0,0,14.28,0,0,0,0,0,0,0,0
117,"Al10.42-Cr21.38-Fe23.49-Co16,69-Ni19,89-Mo2.51-C2.62",FeCoCrNiAl0.5+ carbon,10.42,0,23.49,21.38,0,0,0,19.89,0,0,0,0,0,0,0,0,0,0,0,0,0,0,16.69,2.51,2.62,0,0,0,0,0,0
118,Al18-Cr21-Fe20-Co20-Ni21,Al18Cr21Fe20Co20Ni21,18,0,20,21,0,0,0,21,0,0,0,0,0,0,0,0,0,0,0,0,0,0,20,0,0,0,0,0,0,0,0
119,"Al15,5-Cr22,25-Fe20-Co20-Ni22,25","Al15,5Cr22,25Fe20Co20Ni22,25",15.5,0,20,22.25,0,0,0,22.25,0,0,0,0,0,0,0,0,0,0,0,0,0,0,20,0,0,0,0,0,0,0,0
120,"Al13-Cr23,5-Fe20-Co20-Ni23,5","Al13Cr23,5Fe20Co20Ni23,5",13,0,20,23.5,0,0,0,23.5,0,0,0,0,0,0,0,0,0,0,0,0,0,0,20,0,0,0,0,0,0,0,0
121,"Al10,5-Cr24,75-Fe20-Co20-Ni24,75","Al10,5Cr24,75Fe20Co20ni24,75",10.5,0,20,24.75,0,0,0,24.75,0,0,0,0,0,0,0,0,0,0,0,0,0,0,20,0,0,0,0,0,0,0,0
122,Al23-Co15-Cr23-Cu8-Fe15-Ni15,Al23Co15Cr23Cu8Fe15Ni15,23,8,15,23,0,0,0,15,0,0,0,0,0,0,0,0,0,0,0,0,0,0,15,0,0,0,0,0,0,0,0
123,Al20-Co20-Cr20-Fe20-Ni20,AlCoCrFeNi,20,0,20,20,0,0,0,20,0,0,0,0,0,0,0,0,0,0,0,0,0,0,20,0,0,0,0,0,0,0,0
124,"Al20,9-Co19,2-Cr19,1-Fe20,4-Ni20,3",AlCoCrFeNi,20.9,0,20.4,19.1,0,0,0,20.3,0,0,0,0,0,0,0,0,0,0,0,0,0,0,19.2,0,0,0,0,0,0,0,0
125,"Al20,9-Co19,2-Cr19,1-Fe20,4-Ni20,4",AlCoCrFeNi,20.9,0,20.4,19.1,0,0,0,20.4,0,0,0,0,0,0,0,0,0,0,0,0,0,0,19.2,0,0,0,0,0,0,0,0
128,"Al6,7-Co23,1-Cr23,4-Fe23,4-Ni23,4",Al0.3CoCrFeNi,6.7,0,23.4,23.4,0,0,0,23.4,0,0,0,0,0,0,0,0,0,0,0,0,0,0,23.1,0,0,0,0,0,0,0,0
129,"Al6,7-Co23,1-Cr23,4-Fe23,4-Ni23,5",Al0.3CoCrFeNi,6.7,0,23.4,23.4,0,0,0,23.5,0,0,0,0,0,0,0,0,0,0,0,0,0,0,23.1,0,0,0,0,0,0,0,0
130,"Co20,08-Cr20,06-Fe19,98-Mn19,91-Ni19,97",Co20Cr20Fe20Mn20Ni20,0,0,19.979999999999997,20.06,0,19.91,0,19.97,0,0,0,0,0,0,0,0,0,0,0,0,0,0,20.08,0,0,0,0,0,0,0,0
131,"Co19,84-Cr20,02-Fe34,19-Mn19,97-Ni5,99",Co20Cr20Fe34Mn20Ni6,0,0,34.190000000000005,20.02,0,19.97,0,5.99,0,0,0,0,0,0,0,0,0,0,0,0,0,0,19.84,0,0,0,0,0,0,0,0
132,"Co19,97-Cr19,86-Fe39,96-Mn20,21",Co20Cr20Fe40Mn20,0,0,39.96,19.86,0,20.21,0,0,0,0,0,0,0,0,0,0,0,0,0,0,0,0,19.97,0,0,0,0,0,0,0,0
133,"Cr20,7-Mn20,1-Co20-Fe19,9-Ni19,5",CoCrFeMnNi,0,0,19.9,20.7,0,20.1,0,19.5,0,0,0,0,0,0,0,0,0,0,0,0,0,0,20,0,0,0,0,0,0,0,0
134,"Cr20,7-Mn20,1-Co20-Fe19,9-Ni19,3",CoCrFeMnNi,0,0,19.9,20.7,0,20.1,0,19.3,0,0,0,0,0,0,0,0,0,0,0,0,0,0,20,0,0,0,0,0,0,0,0
135,"Cr20,7-Mn20,1-Co20-Fe19,9-Ni19,4",CoCrFeMnNi,0,0,19.9,20.7,0,20.1,0,19.4,0,0,0,0,0,0,0,0,0,0,0,0,0,0,20,0,0,0,0,0,0,0,0
136,Cr20-Mn20-Fe20-Co20-Ni20,CoCrFeMnNi,0,0,20,20,0,20,0,20,0,0,0,0,0,0,0,0,0,0,0,0,0,0,20,0,0,0,0,0,0,0,0
137,Cr20-Mn20-Fe20-Co20-Ni20,CoCrFeMnNi,0,0,20,20,0,20,0,20,0,0,0,0,0,0,0,0,0,0,0,0,0,0,20,0,0,0,0,0,0,0,0
138,Cr20-Mn20-Fe20-Co20-Ni21,CoCrFeMnNi,0,0,20,20,0,20,0,21,0,0,0,0,0,0,0,0,0,0,0,0,0,0,20,0,0,0,0,0,0,0,0
139,"(Co20-Cr20-Fe20-Mn20-Ni20)99,07-C0,93","CoCrFeMnNi-0,93C",0,0,20,20,0,20,0,20,0,0,0,0,0,0,0,0,0,0,0,0,0,0,20,0,0.93,0,0,0,0,0,0
140,"(Co20-Cr20-Fe20-Mn20-Ni20)98,62-C1,38","CoCrFeMnNi-1,38C",0,0,20,20,0,20,0,20,0,0,0,0,0,0,0,0,0,0,0,0,0,0,20,0,1.3800000000000001,0,0,0,0,0,0
141,"(Co20-Cr20-Fe20-Mn20-Ni20)98,16-C1,84","CoCrFeMnNi-1,84C",0,0,20,20,0,20,0,20,0,0,0,0,0,0,0,0,0,0,0,0,0,0,20,0,1.84,0,0,0,0,0,0
142,Cr20-Mn20-Fe20-Co20-Ni20,CoCrFeMnNi,0,0,20,20,0,20,0,20,0,0,0,0,0,0,0,0,0,0,0,0,0,0,20,0,0,0,0,0,0,0,0
143,Co19Cr19.2Fe19.2Ni19.1Cu23.5,CoCrFeNiCu,0,23.5,19.2,19.2,0,0,0,19.1,0,0,0,0,0,0,0,0,0,0,0,0,0,0,19,0,0,0,0,0,0,0,0
144,Co13Cr12.2Fe12.4Ni13.2Cu17.7Al31.5,CoCrFeNiCuAl2.5,31.5,17.7,12.4,12.2,0,0,0,13.2,0,0,0,0,0,0,0,0,0,0,0,0,0,0,13,0,0,0,0,0,0,0,0
145,Cr20-Mn20-Fe20-Co20-Ni20,CoCrFeNiMn,0,0,20,20,0,20,0,20,0,0,0,0,0,0,0,0,0,0,0,0,0,0,20,0,0,0,0,0,0,0,0
146,Cr20-Mn20-Fe20-Co20-Ni20,CoCrFeNiMn,0,0,20,20,0,20,0,20,0,0,0,0,0,0,0,0,0,0,0,0,0,0,20,0,0,0,0,0,0,0,0
147,"Co19,92-Cr20,05-Fe20,13-Ni20,01-Mn19,89",CoCrFeNiMn,0,0,20.130000000000003,20.05,0,19.89,0,20.01,0,0,0,0,0,0,0,0,0,0,0,0,0,0,19.919999999999998,0,0,0,0,0,0,0,0
148,"Co19,72-Cr19,84-Fe19,83-Ni19,84-Mn19,67-C1,1",CoCrFeNiMnC0.05,0,0,19.830000000000002,19.84,0,19.67,0,19.84,0,0,0,0,0,0,0,0,0,0,0,0,0,0,19.72,0,1.1,0,0,0,0,0,0
149,"Co19,9-Cr20,14-Fe19,11-Ni19,53-Mn19,36-C1,96",CoCrFeNiMnC0.1,0,0,19.110000000000003,20.14,0,19.36,0,19.53,0,0,0,0,0,0,0,0,0,0,0,0,0,0,19.9,0,1.96,0,0,0,0,0,0
150,"Co14,46-Cr19,07-Fe19,01-Ni20,05-Mn19,36-C3,05",CoCrFeNiMnC0.15,0,0,19.01,19.07,0,19.36,0,20.05,0,0,0,0,0,0,0,0,0,0,0,0,0,0,14.46,0,3.05,0,0,0,0,0,0
151,"Co19,34-Cr19,09-Fe18,92-Ni19,56-Mn19,24-C3,85",CoCrFeNiMnC0.2,0,0,18.919999999999998,19.09,0,19.24,0,19.56,0,0,0,0,0,0,0,0,0,0,0,0,0,0,19.34,0,3.8499999999999996,0,0,0,0,0,0
152,"Co19,1-Cr20-Fe20,2-Ni16,6-Mn19,2-Al0,6-C0,9-Si0,3-S0,1",CoCrFeNiMn,0.6,0,20.2,20,0.3,19.2,0,16.6,0,0,0,0,0,0,0,0,0,0,0,0,0,0,19.1,0,0.9,0,0,0.1,0,0,0
153,"Co19,1-Cr20-Fe20,2-Ni16,6-Mn19,2-Al0,6-C0,9-Si0,3-S0,2",CoCrFeNiMn,0.6,0,20.2,20,0.3,19.2,0,16.6,0,0,0,0,0,0,0,0,0,0,0,0,0,0,19.1,0,0.9,0,0,0.2,0,0,0
154,"Co24,77-Cr26,14-Fe23,06-Ni26,03 en wt%",CoCrFeNi,0,0,23.06,26.14,0,0,0,26.03,0,0,0,0,0,0,0,0,0,0,0,0,0,0,24.77,0,0,0,0,0,0,0,0
155,"Co22,83-+Cr24,09-Fe21,25-Ni23,99-Mo7,84 en wt%",CoCrFeNiMo0.2,0,0,21.25,24.09,0,0,0,23.99,0,0,0,0,0,0,0,0,0,0,0,0,0,0,22.830000000000002,7.84,0,0,0,0,0,0,0
157,Co33-Cr33-Ni33,CoCrNi,0,0,0,33,0,0,0,33,0,0,0,0,0,0,0,0,0,0,0,0,0,0,33,0,0,0,0,0,0,0,0
158,Co33-Cr33-Ni33,CoCrNi,0,0,0,33,0,0,0,33,0,0,0,0,0,0,0,0,0,0,0,0,0,0,33,0,0,0,0,0,0,0,0
159,Co33-Cr33-Ni33,CoCrNi,0,0,0,33,0,0,0,33,0,0,0,0,0,0,0,0,0,0,0,0,0,0,33,0,0,0,0,0,0,0,0
160,Co33-Cr33-Ni33,CoCrNi,0,0,0,33,0,0,0,33,0,0,0,0,0,0,0,0,0,0,0,0,0,0,33,0,0,0,0,0,0,0,0
161,Co33-Cr33-Ni33,CoCrNi,0,0,0,33,0,0,0,33,0,0,0,0,0,0,0,0,0,0,0,0,0,0,33,0,0,0,0,0,0,0,0
162,(Co33-Cr33-Ni33)97-W3,CoCrNi–3W,0,0,0,33,0,0,0,33,0,0,0,0,0,0,0,0,0,0,0,0,0,0,33,0,0,3,0,0,0,0,0
163,Cr15-Fe20-Co35-Ni20-Mo10,Cr15Fe20Co35Ni20Mo10,0,0,20,15,0,0,0,20,0,0,0,0,0,0,0,0,0,0,0,0,0,0,35,10,0,0,0,0,0,0,0
164,Cr15-Fe20-Co35-Ni20-Mo10,Cr15Fe20Co35Ni20Mo10,0,0,20,15,0,0,0,20,0,0,0,0,0,0,0,0,0,0,0,0,0,0,35,10,0,0,0,0,0,0,0
165,Cr15-Fe20-Co35-Ni20-Mo10,Cr15Fe20Co35Ni20Mo10,0,0,20,15,0,0,0,20,0,0,0,0,0,0,0,0,0,0,0,0,0,0,35,10,0,0,0,0,0,0,0
166,Cr15-Fe20-Co35-Ni20-Mo10,Cr15Fe20Co35Ni20Mo10,0,0,20,15,0,0,0,20,0,0,0,0,0,0,0,0,0,0,0,0,0,0,35,10,0,0,0,0,0,0,0
167,Cr15-Fe20-Co35-Ni20-Mo10,Cr15Fe20Co35Ni20Mo10,0,0,20,15,0,0,0,20,0,0,0,0,0,0,0,0,0,0,0,0,0,0,35,10,0,0,0,0,0,0,0
168,Cr15-Fe20-Co35-Ni20-Mo10,Cr15Fe20Co35Ni20Mo10,0,0,20,15,0,0,0,20,0,0,0,0,0,0,0,0,0,0,0,0,0,0,35,10,0,0,0,0,0,0,0
169,Cr19.68-Mn19.68-Fe19.68-Co19.68-Ni19.68-Nb0.8-C0.8,Cr19.68Mn19.68Fe19.68Co19.68Ni19.68Nb0.8C0.8,0,0,19.68,19.68,0,19.68,0,19.68,0,0,0,0,0,0,0,0,0,0,0.8,0,0,0,19.68,0,0.8,0,0,0,0,0,0
170,Cr20-Mn20-Fe20-Co20-Ni20,Cr20Mn20Fe20Co20Ni20,0,0,20,20,0,20,0,20,0,0,0,0,0,0,0,0,0,0,0,0,0,0,20,0,0,0,0,0,0,0,0
171,Fe19-Co20-Ni22-Cr20-Mn19,FeCoNiCrMn,0,0,19,20,0,19,0,22,0,0,0,0,0,0,0,0,0,0,0,0,0,0,20,0,0,0,0,0,0,0,0
172,Fe17-Co20-Ni20-Cr19-Mn17-Al8,FeCoNiCrMneAl,8,0,17,19,0,17,0,20,0,0,0,0,0,0,0,0,0,0,0,0,0,0,20,0,0,0,0,0,0,0,0
173,"Fe19,78-Co19,94-Ni20,37-Cr19,62-Mn20,29",FeCoNiCrMn,0,0,19.779999999999998,19.62,0,20.29,0,20.37,0,0,0,0,0,0,0,0,0,0,0,0,0,0,19.939999999999998,0,0,0,0,0,0,0,0
174,"Fe20,28-Co22,76-Ni16,86-Cr20,33-Mn19,77",Fe20Co23Ni17Cr20Mn20,0,0,20.279999999999998,20.330000000000002,0,19.77,0,16.86,0,0,0,0,0,0,0,0,0,0,0,0,0,0,22.759999999999998,0,0,0,0,0,0,0,0
175,"FE19,72-Co26,75-Ni12,78-Cr20,32-Mn20,43",Fe20Co27Ni13Cr20Mn20,0,0,19.72,20.32,0,20.43,0,12.78,0,0,0,0,0,0,0,0,0,0,0,0,0,0,26.75,0,0,0,0,0,0,0,0
176,"Fe19,95-Co29,78-Ni9,63-Cr20,45-Mn20,19",Fe20Co30Ni10Cr20Mn20,0,0,19.95,20.45,0,20.19,0,9.629999999999999,0,0,0,0,0,0,0,0,0,0,0,0,0,0,29.779999999999998,0,0,0,0,0,0,0,0
177,"Fe66,6-Cr18,8-Ni14,6",Fe-18Cr-14Ni,0,0,66.6,18.8,0,0,0,14.6,0,0,0,0,0,0,0,0,0,0,0,0,0,0,0,0,0,0,0,0,0,0,0
178,"Fe18,2-Cr20,9-Ni20,2-Mn19,8-Co20,9",Fe-20Cr-20Ni-20Mn-20Co,0,0,18.2,20.9,0,19.8,0,20.2,0,0,0,0,0,0,0,0,0,0,0,0,0,0,20.9,0,0,0,0,0,0,0,0
179,"Fe30-Mn10-Co10-Cr10-C0,5","Fe-30Mn10Co-10Cr-0,5C",0,0,30,10,0,10,0,0,0,0,0,0,0,0,0,0,0,0,0,0,0,0,10,0,0.5,0,0,0,0,0,0
180,"Fe50,37-Mn29,8-Cr9,29-Co10,46",Fe30Mn10Cr10Co,0,0,50.37,9.29,0,29.8,0,0,0,0,0,0,0,0,0,0,0,0,0,0,0,0,10.46,0,0,0,0,0,0,0,0
181,Fe38.5-Mn20-Co20-Cr15-Si5-Cu1.5,Fe38.5Mn20Co20Cr15Si5Cu1.5,0,1.5,38.5,15,5,20,0,0,0,0,0,0,0,0,0,0,0,0,0,0,0,0,20,0,0,0,0,0,0,0,0
182,"Fe40,2-Mn19,7-Co20,5-Cr14,4-Si4,6-Al0,7",Fe39Mn20Co20Cr15Si5Al1,0.7,0,40.2,14.4,4.6,19.7,0,0,0,0,0,0,0,0,0,0,0,0,0,0,0,0,20.5,0,0,0,0,0,0,0,0
183,"Fe40,2-Mn19,7-Co20,5-Cr14,4-Si4,6-Al0,7",Fe39Mn20Co20Cr15Si5Al1,0.7,0,40.2,14.4,4.6,19.7,0,0,0,0,0,0,0,0,0,0,0,0,0,0,0,0,20.5,0,0,0,0,0,0,0,0
184,"Fe40,2-Mn19,7-Co20,5-Cr14,4-Si4,6-Al0,7",Fe39Mn20Co20Cr15Si5Al1,0.7,0,40.2,14.4,4.6,19.7,0,0,0,0,0,0,0,0,0,0,0,0,0,0,0,0,20.5,0,0,0,0,0,0,0,0
185,"Fe40,2-Mn19,7-Co20,5-Cr14,4-Si4,6-Al0,7",Fe39Mn20Co20Cr15Si5Al1,0.7,0,40.2,14.4,4.6,19.7,0,0,0,0,0,0,0,0,0,0,0,0,0,0,0,0,20.5,0,0,0,0,0,0,0,0
186,Fe40.4-Ni11.3-Mn34.8-Al7.5-Cr6,Fe40.4Ni11.3Mn34.8Al7.5Cr6,7.5,0,40.4,6,0,34.8,0,11.3,0,0,0,0,0,0,0,0,0,0,0,0,0,0,0,0,0,0,0,0,0,0,0
187,"Fe41,83-Ni10,13-Mn35,25-Al7,2-Cr5,52-C0,07",Fe40.4Ni11.3Mn34.8Al7.5Cr6 - C0.07,7.2,0,41.83,5.52,0,35.25,0,10.129999999999999,0,0,0,0,0,0,0,0,0,0,0,0,0,0,0,0,0.07,0,0,0,0,0,0
188,"Fe40,6-Ni11,58-Mn35,55-Al7,10-Cr5,01-C0,16",Fe40.4Ni11.3Mn34.8Al7.5Cr6 - C0.16,7.1,0,40.6,5.01,0,35.55,0,11.58,0,0,0,0,0,0,0,0,0,0,0,0,0,0,0,0,0.16,0,0,0,0,0,0
189,"Fe44,85-Ni10,05-Mn32,25-Al7,35-Cr5,2-C0,3",Fe40.4Ni11.3Mn34.8Al7.5Cr6 - C0.30,7.35,0,44.849999999999994,5.2,0,32.25,0,10.05,0,0,0,0,0,0,0,0,0,0,0,0,0,0,0,0,0.3,0,0,0,0,0,0
190,"Fe41,08-Ni10,21-Mn35,46-Al7,39-Cr5,31-C0,55",Fe40.4Ni11.3Mn34.8Al7.5Cr6 - C0.55,7.39,0,41.08,5.31,0,35.46,0,10.209999999999999,0,0,0,0,0,0,0,0,0,0,0,0,0,0,0,0,0.55,0,0,0,0,0,0
191,"Fe39,93-Ni10,35-Mn35,67-Al7,4-Cr5,55-C1,1","Fe40.4Ni11.3Mn34.8Al7.5Cr6 - C1,10",7.4,0,39.93,5.55,0,35.67,0,10.350000000000001,0,0,0,0,0,0,0,0,0,0,0,0,0,0,0,0,1.1,0,0,0,0,0,0
192,Fe40.4Ni11.3Mn34.8Al7.5Cr6 + 0.5 at% B,Fe40.4Ni11.3Mn34.8Al7.5Cr6 + 0.5 at% B,7.5,0,40.4,6,0,34.8,0,11.3,0,0,0,0,0,0,0,0,0,0,0,0,0,0,0,0,0,0,0,0,0,0,0
193,Fe40.4Ni11.3Mn34.8Al7.5Cr6 + 1 at% B,Fe40.4Ni11.3Mn34.8Al7.5Cr6 + 1 at% B,7.5,0,40.4,6,0,34.8,0,11.3,0,0,0,0,0,0,0,0,0,0,0,0,0,0,0,0,0,0,0,0,0,0,0
194,Fe40Mn40Co10Cr10 + 1.0Mo (%Wt),Fe40Mn40Co10Cr10 + 1.0Mo (%Wt),0,0,40,10,0,40,0,0,0,0,0,0,0,0,0,0,0,0,0,0,0,0,10,0,0,0,0,0,0,0,0
195,"Fe40Mn40Co10Cr10 + 0,75C (%Wt)","Fe40Mn40Co10Cr10 + 0,75C (%Wt)",0,0,40,10,0,40,0,0,0,0,0,0,0,0,0,0,0,0,0,0,0,0,10,0,0,0,0,0,0,0,0
196,"Fe40Mn40Co10Cr10 + 1.0Mo + 0,75C(%Wt)","Fe40Mn40Co10Cr10 + 1.0Mo + 0,75C(%Wt)",0,0,40,10,0,40,0,0,0,0,0,0,0,0,0,0,0,0,0,0,0,0,10,0,0,0,0,0,0,0,0
197,Fe40Mn40Co10Cr10 + 1.0C (%Wt),Fe40Mn40Co10Cr10 + 1.0C (%Wt),0,0,40,10,0,40,0,0,0,0,0,0,0,0,0,0,0,0,0,0,0,0,10,0,0,0,0,0,0,0,0
198,Fe40Mn40Co10Cr10 + 1.0Mo+1.0C (%Wt),Fe40Mn40Co10Cr10 + 1.0Mo+1.0C (%Wt),0,0,40,10,0,40,0,0,0,0,0,0,0,0,0,0,0,0,0,0,0,0,10,0,0,0,0,0,0,0,0
199,(Fe40Mn40Co10Cr10),(Fe40Mn40Co10Cr10),0,0,40,10,0,40,0,0,0,0,0,0,0,0,0,0,0,0,0,0,0,0,10,0,0,0,0,0,0,0,0
200,"(Fe40Mn40Co10Cr10)100−2,2 C2,3","(Fe40Mn40Co10Cr10)100−2,2 C2,2",0,0,40,10,0,40,0,0,0,0,0,0,0,0,0,0,0,0,0,0,0,0,10,0,2.3,0,0,0,0,0,0
201,"(Fe40Mn40Co10Cr10)100−3,3 C3,4","(Fe40Mn40Co10Cr10)100−3,3 C3,3",0,0,40,10,0,40,0,0,0,0,0,0,0,0,0,0,0,0,0,0,0,0,10,0,3.4,0,0,0,0,0,0
202,"(Fe40Mn40Co10Cr10)100−4,4 C4,5","(Fe40Mn40Co10Cr10)100−4,4 C4,4",0,0,40,10,0,40,0,0,0,0,0,0,0,0,0,0,0,0,0,0,0,0,10,0,4.5,0,0,0,0,0,0
203,"(Fe40Mn40Co10Cr10)100−6,6 C6,7","(Fe40Mn40Co10Cr10)100−6,6 C6,6",0,0,40,10,0,40,0,0,0,0,0,0,0,0,0,0,0,0,0,0,0,0,10,0,6.7,0,0,0,0,0,0
204,"(Fe40Mn40Co10Cr10)100−8,9 C8,10","(Fe40Mn40Co10Cr10)100−8,9 C8,9",0,0,40,10,0,40,0,0,0,0,0,0,0,0,0,0,0,0,0,0,0,0,10,0,8.1,0,0,0,0,0,0
205,Fe42-Mn28-Cr15-Co10-Si5,Fe42Mn28Cr15Co10Si5,0,0,42,15,5,28,0,0,0,0,0,0,0,0,0,0,0,0,0,0,0,0,10,0,0,0,0,0,0,0,0
206,Fe42-Ni12-Mn36-Al8-Ti3,Fe42Ni12Mn36Al8Ti2,8,0,42,0,0,36,3,12,0,0,0,0,0,0,0,0,0,0,0,0,0,0,0,0,0,0,0,0,0,0,0
207,Fe36-Ni18-Mn33-Al14,Fe36Ni18Mn33Al13,14,0,36,0,0,33,0,18,0,0,0,0,0,0,0,0,0,0,0,0,0,0,0,0,0,0,0,0,0,0,0
208,Fe36-Ni18-Mn33-Al13-Ti2,Fe36Ni18Mn33Al13Ti2,13,0,36,0,0,33,2,18,0,0,0,0,0,0,0,0,0,0,0,0,0,0,0,0,0,0,0,0,0,0,0
209,Fe36-Ni18-Mn33-Al13-Ti2,Fe36Ni18Mn33Al13Ti2,13,0,36,0,0,33,2,18,0,0,0,0,0,0,0,0,0,0,0,0,0,0,0,0,0,0,0,0,0,0,0
210,Fe36-Ni18-Mn33-Al13-Ti4,Fe36Ni18Mn33Al13Ti4,13,0,36,0,0,33,4,18,0,0,0,0,0,0,0,0,0,0,0,0,0,0,0,0,0,0,0,0,0,0,0
211,Fe36-Ni18-Mn33-Al13-Ti4,Fe36Ni18Mn33Al13Ti4,13,0,36,0,0,33,4,18,0,0,0,0,0,0,0,0,0,0,0,0,0,0,0,0,0,0,0,0,0,0,0
212,Fe36-Ni18-Mn33-Al13-Ti4,Fe36Ni18Mn33Al13Ti4,13,0,36,0,0,33,4,18,0,0,0,0,0,0,0,0,0,0,0,0,0,0,0,0,0,0,0,0,0,0,0
213,Co33-Fe33-Ni33,CoFeNi,0,0,33,0,0,0,0,33,0,0,0,0,0,0,0,0,0,0,0,0,0,0,33,0,0,0,0,0,0,0,0
214,Co33-Fe33-Ni33,CoFeNi,0,0,33,0,0,0,0,33,0,0,0,0,0,0,0,0,0,0,0,0,0,0,33,0,0,0,0,0,0,0,0
215,Co33-Fe33-Ni33,CoFeNi,0,0,33,0,0,0,0,33,0,0,0,0,0,0,0,0,0,0,0,0,0,0,33,0,0,0,0,0,0,0,0
216,Co33-Cr33-Ni34,CoCrNi,0,0,0,33,0,0,0,34,0,0,0,0,0,0,0,0,0,0,0,0,0,0,33,0,0,0,0,0,0,0,0
217,Co33-Mn33-Ni35,CoMnNi,0,0,0,0,0,33,0,35,0,0,0,0,0,0,0,0,0,0,0,0,0,0,33,0,0,0,0,0,0,0,0
218,Fe33-Mn33-Ni33,FeMnNi,0,0,33,0,0,33,0,33,0,0,0,0,0,0,0,0,0,0,0,0,0,0,0,0,0,0,0,0,0,0,0
219,Co25-Cr25-Fe25-Ni25,CoCrFeNi,0,0,25,25,0,0,0,25,0,0,0,0,0,0,0,0,0,0,0,0,0,0,25,0,0,0,0,0,0,0,0
220,Co25-Cr25-Mn25-Ni26,CoCrMnNi,0,0,0,25,0,25,0,26,0,0,0,0,0,0,0,0,0,0,0,0,0,0,25,0,0,0,0,0,0,0,0
221,Co25-Fe25-Mn25-Ni27,CoFeMnNi,0,0,25,0,0,25,0,27,0,0,0,0,0,0,0,0,0,0,0,0,0,0,25,0,0,0,0,0,0,0,0
222,"Fe30,89-Co30,52-Ni30,27-Si8,31",CoFeNiSi0.25,0,0,30.89,0,8.31,0,0,30.27,0,0,0,0,0,0,0,0,0,0,0,0,0,0,30.52,0,0,0,0,0,0,0,0
223,"Fe27,73-Co28,16-Ni27,28-Si16,83",CoFeNiSi0.5,0,0,27.73,0,16.830000000000002,0,0,27.279999999999998,0,0,0,0,0,0,0,0,0,0,0,0,0,0,28.16,0,0,0,0,0,0,0,0
224,"Fe26,31-Co25,72-Ni26,06-Si21,91",CoFeNiSi0.75,0,0,26.310000000000002,0,21.91,0,0,26.06,0,0,0,0,0,0,0,0,0,0,0,0,0,0,25.72,0,0,0,0,0,0,0,0
225,"Fe30,45-Co30,73-Ni29,19-Al9,63",Al0.25CoFeNi,9.629999999999999,0,30.45,0,0,0,0,29.19,0,0,0,0,0,0,0,0,0,0,0,0,0,0,30.73,0,0,0,0,0,0,0,0
226,"Fe-27,81-Co27,49-Ni27,28-Al17,42",Al0.5CoFeNi,17.419999999999998,0,27.810000000000002,0,0,0,0,27.279999999999998,0,0,0,0,0,0,0,0,0,0,0,0,0,0,27.49,0,0,0,0,0,0,0,0
227,"Fe26,13-Co25,85-Ni25,15-Al22,87",Al0.75CoFeNi,22.87,0,26.130000000000003,0,0,0,0,25.150000000000002,0,0,0,0,0,0,0,0,0,0,0,0,0,0,25.85,0,0,0,0,0,0,0,0
228,Cr25-Fe25-Co25-Ni25,CoCrFeNi,0,0,25,25,0,0,0,25,0,0,0,0,0,0,0,0,0,0,0,0,0,0,25,0,0,0,0,0,0,0,0
229,"Cr24,37-Fe24,37-Co24,37-Ni24,37-Nb2,52",CoCrFeNb0.103Ni,0,0,24.37,24.37,0,0,0,24.37,0,0,0,0,0,0,0,0,0,0,2.52,0,0,0,24.37,0,0,0,0,0,0,0,0
230,"Cr24,07-Fe24,07-Co24,07-Ni24,07-Nb3,72",CoCrFeNb0.155Ni,0,0,24.07,24.07,0,0,0,24.07,0,0,0,0,0,0,0,0,0,0,3.72,0,0,0,24.07,0,0,0,0,0,0,0,0
231,"Cr23,78-Fe23,78-Co23,78-Ni23,78-Nb4,88",CoCrFeNb0.206Ni,0,0,23.779999999999998,23.779999999999998,0,0,0,23.779999999999998,0,0,0,0,0,0,0,0,0,0,4.88,0,0,0,23.779999999999998,0,0,0,0,0,0,0,0
232,"Cr23,21-Fe23,21-Co23,21-Ni23,21-Nb7,16",CoCrFeNb0.309Ni,0,0,23.21,23.21,0,0,0,23.21,0,0,0,0,0,0,0,0,0,0,7.159999999999999,0,0,0,23.21,0,0,0,0,0,0,0,0
233,"Cr22,67-Fe22,67-Co22,67-Ni22,67-Nb9,32",CoCrFeNb0.412Ni,0,0,22.67,22.67,0,0,0,22.67,0,0,0,0,0,0,0,0,0,0,9.32,0,0,0,22.67,0,0,0,0,0,0,0,0
234,"Cr22,2-Fe22,2-Co22,2-Ni22,2-Mo11,2",CoCrFeMo0.5Ni,0,0,22.2,22.2,0,0,0,22.2,0,0,0,0,0,0,0,0,0,0,0,0,0,0,22.2,11.2,0,0,0,0,0,0,0
235,Al10-Cr20-Fe20-Co20-Ni20-Mo10,Al0.5CoCrFeMo0.5Ni,10,0,20,20,0,0,0,20,0,0,0,0,0,0,0,0,0,0,0,0,0,0,20,10,0,0,0,0,0,0,0
236,"Al25,0-Cr16,7-Fe16,7-Co16,7-Ni16,7-Mo8,2",Al1.5CoCrFeMo0.5Ni,25,0,16.7,16.7,0,0,0,16.7,0,0,0,0,0,0,0,0,0,0,0,0,0,0,16.7,8.2,0,0,0,0,0,0,0
237,"Al30,8-Cr15,4-Fe15,4-Co15,4-Ni15,4-Mi7,6",Al2CoCrFeMo0.5Ni,30.8,0,15.4,15.4,0,0,0,15.4,0,0,0,0,0,0,0,0,0,0,0,0,0,0,15.4,0,0,0,0,0,0,7.6,0
238,"Al18,2-Cr18,2-Fe18,2-Co18,2-Ni18,2-Mo9,0",AlCoCrFeMo0.5Ni,18.2,0,18.2,18.2,0,0,0,18.2,0,0,0,0,0,0,0,0,0,0,0,0,0,0,18.2,9,0,0,0,0,0,0,0
239,Co20-Cr20-Fe20-Ni20-Ti20,CoCrFeNiTi,0,0,20,20,0,0,20,20,0,0,0,0,0,0,0,0,0,0,0,0,0,0,20,0,0,0,0,0,0,0,0
240,"Co18,2-Cr18,2-Fe18,2-Ni18,2-Ti18,2-Al9,0",Al0.5CoCrFeNiTi,9,0,18.2,18.2,0,0,18.2,18.2,0,0,0,0,0,0,0,0,0,0,0,0,0,0,18.2,0,0,0,0,0,0,0,0
241,"Co16,6-Cr16,6-Fe16,6-Ni16,6-Ti16,6-Al16,6",AlCoCrFeNiTi,16.6,0,16.6,16.6,0,0,16.6,16.6,0,0,0,0,0,0,0,0,0,0,0,0,0,0,16.6,0,0,0,0,0,0,0,0
242,"Co15,4-Cr15,4-Fe15,4-Ni15,4-Ti15,4-Al23",Al1.5CoCrFeNiTi,23,0,15.4,15.4,0,0,15.4,15.4,0,0,0,0,0,0,0,0,0,0,0,0,0,0,15.4,0,0,0,0,0,0,0,0
243,"Co14,3-Cr14,3-Fe14,3-Ni14,3-Ti14,3-Al28,5",Al2CoCrFeNiTi,28.5,0,14.3,14.3,0,0,14.3,14.3,0,0,0,0,0,0,0,0,0,0,0,0,0,0,14.3,0,0,0,0,0,0,0,0
244,Co27.3-Cr18.2-Fe18.2-Ni27.3-Ti9.1,Co1.5CrFeNi1.5Ti0.5,0,0,18.2,18.2,0,0,9.1,27.3,0,0,0,0,0,0,0,0,0,0,0,0,0,0,27.3,0,0,0,0,0,0,0,0
245,Co25-Cr16.7-Fe16.7-Ni25-Ti16.7,Co1.5CrFeNi1.5Ti,0,0,16.7,16.7,0,0,16.7,25,0,0,0,0,0,0,0,0,0,0,0,0,0,0,25,0,0,0,0,0,0,0,0
246,Al3.5-Co26.3-Cr17.5-Fe17.5-Ni26.3-Ti8.8,Al0.2Co1.5CrFeNi1.5Ti0.5,3.5,0,17.5,17.5,0,0,8.8,26.3,0,0,0,0,0,0,0,0,0,0,0,0,0,0,26.3,0,0,0,0,0,0,0,0
247,Al3.2-Co24.2-Cr16.1-Fe16.1-Ni24.2-Ti16.1,Al0.2Co1.5CrFeNi1.5Ti,3.2,0,16.1,16.1,0,0,16.1,24.2,0,0,0,0,0,0,0,0,0,0,0,0,0,0,24.2,0,0,0,0,0,0,0,0
248,"Fe25-Ni25-Cr25-Co7,5-Al17,5",FeNiCrCo0.3Al0.7,17.5,0,25,25,0,0,0,25,0,0,0,0,0,0,0,0,0,0,0,0,0,0,7.5,0,0,0,0,0,0,0,0
249,"Fe18,2-Ni18,2-Cr18,2-Co18,2-Al27,2",Al1.5CoCrFeNi,27.2,0,18.2,18.2,0,0,0,18.2,0,0,0,0,0,0,0,0,0,0,0,0,0,0,18.2,0,0,0,0,0,0,0,0
250,"Fe16,7-Ni16,7-Co16,7-Cr16,7-Al33,2",Al2CoCrFeNi,33.2,0,16.7,16.7,0,0,0,16.7,0,0,0,0,0,0,0,0,0,0,0,0,0,0,16.7,0,0,0,0,0,0,0,0
251,"Fe15,4-Ni14,4-Cr15,4-Co15,4-Al38,4",Al2.5CoCrFeNi,38.4,0,15.4,15.4,0,0,0,14.4,0,0,0,0,0,0,0,0,0,0,0,0,0,0,15.4,0,0,0,0,0,0,0,0
252,"Fe14,3-Ni14,3-Cr14,3-Co14,3-Al42,8",Al3CoCrFeNi,42.8,0,14.3,14.3,0,0,0,14.3,0,0,0,0,0,0,0,0,0,0,0,0,0,0,14.3,0,0,0,0,0,0,0,0
253,Fe20-Ni20-Cr20-Cu20-Mn20,CrCuFeMnNi,0,20,20,20,0,20,0,20,0,0,0,0,0,0,0,0,0,0,0,0,0,0,0,0,0,0,0,0,0,0,0
254,Fe20-Ni20-Cr20-Cu20-Mo20,CrCuFeMoNi,0,20,20,20,0,0,0,20,0,0,0,0,0,0,0,0,0,0,0,0,0,0,0,20,0,0,0,0,0,0,0
255,Fe20-Ni20-Cr20-Cu20-Al20,AlCrCuFeNi,20,20,20,20,0,0,0,20,0,0,0,0,0,0,0,0,0,0,0,0,0,0,0,0,0,0,0,0,0,0,0
256,Al20-Co20-Cr20-Fe20-Ni20,AlCoCrFeNi,20,0,20,20,0,0,0,20,0,0,0,0,0,0,0,0,0,0,0,0,0,0,20,0,0,0,0,0,0,0,0
257,Al-Co-Cr-Fe-Ni,AlCoCrFeNi,20,0,20,20,0,0,0,20,0,0,0,0,0,0,0,0,0,0,0,0,0,0,20,0,0,0,0,0,0,0,0
258,"Al-Co-Cr-Fe-Ni-Mo0,1","AlCoCrFeNiMo0,1",19.98,0,19.98,19.98,0,0,0,19.98,0,0,0,0,0,0,0,0,0,0,0,0,0,0,19.98,0.1,0,0,0,0,0,0,0
259,"Al-Co-Cr-Fe-Ni-Mo0,2","AlCoCrFeNiMo0,2",19.96,0,19.96,19.96,0,0,0,19.96,0,0,0,0,0,0,0,0,0,0,0,0,0,0,19.96,0.2,0,0,0,0,0,0,0
260,"Al-Co-Cr-Fe-Ni-Mo0,3","AlCoCrFeNiMo0,3",19.94,0,19.94,19.94,0,0,0,19.94,0,0,0,0,0,0,0,0,0,0,0,0,0,0,19.94,0.3,0,0,0,0,0,0,0
261,"Al-Co-Cr-Fe-Ni-Mo0,4","AlCoCrFeNiMo0,4",19.919999999999998,0,19.919999999999998,19.919999999999998,0,0,0,19.919999999999998,0,0,0,0,0,0,0,0,0,0,0,0,0,0,19.919999999999998,0.4,0,0,0,0,0,0,0
262,"Al-Co-Cr-Fe-Ni-Mo0,5","AlCoCrFeNiMo0,5",19.9,0,19.9,19.9,0,0,0,19.9,0,0,0,0,0,0,0,0,0,0,0,0,0,0,19.9,0.5,0,0,0,0,0,0,0
263,Al-Co-Cr-Fe-Ni,AlCoCrFeNi,20,0,20,20,0,0,0,20,0,0,0,0,0,0,0,0,0,0,0,0,0,0,20,0,0,0,0,0,0,0,0
264,"Al-Co-Cr-Fe-Ni-Si0,2","AlCoCrFeNiSi0,2",19.96,0,19.96,19.96,0.2,0,0,19.96,0,0,0,0,0,0,0,0,0,0,0,0,0,0,19.96,0,0,0,0,0,0,0,0
265,"Al-Co-Cr-Fe-Ni-Si0,4","AlCoCrFeNiSi0,4",19.919999999999998,0,19.919999999999998,19.919999999999998,0.4,0,0,19.919999999999998,0,0,0,0,0,0,0,0,0,0,0,0,0,0,19.919999999999998,0,0,0,0,0,0,0,0
266,"Al-Co-Cr-Fe-Ni-Si0,6","AlCoCrFeNiSi0,6",19.880000000000003,0,19.880000000000003,19.880000000000003,0.6,0,0,19.880000000000003,0,0,0,0,0,0,0,0,0,0,0,0,0,0,19.880000000000003,0,0,0,0,0,0,0,0
267,"Al-Co-Cr-Fe-Ni-Si0,8","AlCoCrFeNiSi0,8",19.84,0,19.84,19.84,0.8,0,0,19.84,0,0,0,0,0,0,0,0,0,0,0,0,0,0,19.84,0,0,0,0,0,0,0,0
268,Al-Co-Cr-Fe-Ni-Si,"AlCoCrFeNiSi01,0",16.666666666666668,0,16.666666666666668,16.666666666666668,16.666666666666668,0,0,16.666666666666668,0,0,0,0,0,0,0,0,0,0,0,0,0,0,16.666666666666668,0,0,0,0,0,0,0,0
269,Al-Co-Cr-Fe-Ni,AlCoCrFeNi,20,0,20,20,0,0,0,20,0,0,0,0,0,0,0,0,0,0,0,0,0,0,20,0,0,0,0,0,0,0,0
270,"Al-Co-Cr-Fe-Ni-C0,1","AlCoCrFeNiC0,1",19.98,0,19.98,19.98,0,0,0,19.98,0,0,0,0,0,0,0,0,0,0,0,0,0,0,19.98,0,0.1,0,0,0,0,0,0
271,"Al-Co-Cr-Fe-Ni-C0,2","AlCoCrFeNiC0,2",19.96,0,19.96,19.96,0,0,0,19.96,0,0,0,0,0,0,0,0,0,0,0,0,0,0,19.96,0,0.2,0,0,0,0,0,0
272,"Al-Co-Cr-Fe-Ni-C0,3","AlCoCrFeNiC0,3",19.94,0,19.94,19.94,0,0,0,19.94,0,0,0,0,0,0,0,0,0,0,0,0,0,0,19.94,0,0.3,0,0,0,0,0,0
273,"Al-Co-Cr-Fe-Ni-C0,4","AlCoCrFeNiC0,4",19.919999999999998,0,19.919999999999998,19.919999999999998,0,0,0,19.919999999999998,0,0,0,0,0,0,0,0,0,0,0,0,0,0,19.919999999999998,0,0.4,0,0,0,0,0,0
274,"Al-Co-Cr-Fe-Ni-C0,5","AlCoCrFeNiC0,5",19.9,0,19.9,19.9,0,0,0,19.9,0,0,0,0,0,0,0,0,0,0,0,0,0,0,19.9,0,0.5,0,0,0,0,0,0
275,Al-Co-Cr-Fe-Ni-C,"AlCoCrFeNiC1,0",16.666666666666668,0,16.666666666666668,16.666666666666668,0,0,0,16.666666666666668,0,0,0,0,0,0,0,0,0,0,0,0,0,0,16.666666666666668,0,16.666666666666668,0,0,0,0,0,0
276,"Al-Co-Cr-Fe-Ni-C1,5","AlCoCrFeNiC1,5",19.7,0,19.7,19.7,0,0,0,19.7,0,0,0,0,0,0,0,0,0,0,0,0,0,0,19.7,0,1.5,0,0,0,0,0,0
277,Al20-Cr20-Fe20-Co10-Ni10-Mo10,AlCo0.5CrFeMo0.5Ni,20,0,20,20,0,0,0,10,0,0,0,0,0,0,0,0,0,0,0,0,0,0,10,10,0,0,0,0,0,0,0
278,"Al18,2-Cr18,2-Fe18,2-Co18,2-Ni18,2-Mo9,0",AlCoCrFeMo0.5Ni,18.2,0,18.2,18.2,0,0,0,18.2,0,0,0,0,0,0,0,0,0,0,0,0,0,0,18.2,9,0,0,0,0,0,0,0
279,"Al16,7-Cr16,7-Fe16,7-Co25,0-Ni16,7-Mo8,2",AlCo1.5CrFeMo0.5Ni,16.7,0,16.7,16.7,0,0,0,16.7,0,0,0,0,0,0,0,0,0,0,0,0,0,0,25,8.2,0,0,0,0,0,0,0
280,"Al15,4-Cr15,4-Fe15,4-Co30,8-Ni15,4-Mo7,6",AlCo2CrFeMo0.5Ni,15.4,0,15.4,15.4,0,0,0,15.4,0,0,0,0,0,0,0,0,0,0,0,0,0,0,30.8,7.6,0,0,0,0,0,0,0
281,"Al19,6-Cr19,6-Fe11,8-Co19,6-Ni19,6-Mo9,8",AlCoCrFe0.6Mo0.5Ni,19.6,0,11.8,19.6,0,0,0,19.6,0,0,0,0,0,0,0,0,0,0,0,0,0,0,19.6,9.8,0,0,0,0,0,0,0
282,"Al18,2-Cr18,2-Fe18,2-Co18,2-Ni18,2-Mo9,1",AlCoCrFeMo0.5Ni,18.2,0,18.2,18.2,0,0,0,18.2,0,0,0,0,0,0,0,0,0,0,0,0,0,0,18.2,9.1,0,0,0,0,0,0,0
283,"Al16,7-Cr16,7-Fe25-Cr16,7-Ni16,7-Mo8,3",AlCoCrFe1.5Mo0.5Ni,16.7,0,25,16.7,0,0,0,16.7,0,0,0,0,0,0,0,0,0,0,0,0,0,0,0,8.3,0,0,0,0,0,0,0
284,"Al15,4-Cr15,4-Fe30,8-Co15,4-Ni15,4-Mo7,7",AlCoCrFe2Mo0.5Ni,15.4,0,30.8,15.4,0,0,0,15.4,0,0,0,0,0,0,0,0,0,0,0,0,0,0,15.4,7.7,0,0,0,0,0,0,0
285,"Al22,2-Cr22,2-Fe22,2-Co22,2-Mo11,2",AlCoCrFeMo0.5Ni0,22.2,0,22.2,22.2,0,0,0,0,0,0,0,0,0,0,0,0,0,0,0,0,0,0,22.2,11.2,0,0,0,0,0,0,0
286,Al20-Cr20-Fe20-Co20-Ni10-Mo10,AlCoCrFeMo0.5Ni0.5,20,0,20,20,0,0,0,10,0,0,0,0,0,0,0,0,0,0,0,0,0,0,20,10,0,0,0,0,0,0,0
287,"Al18,2-Cr18,2-Fe18,2-Co18,2-Ni18,2-Mo9,0",AlCoCrFeMo0.5Ni1.0,18.2,0,18.2,18.2,0,0,0,18.2,0,0,0,0,0,0,0,0,0,0,0,0,0,0,18.2,9,0,0,0,0,0,0,0
288,"Al16,7-Cr16,7-Fe16,7-Co16,7-Ni25-Mo8,2",AlCoCrFeMo0.5Ni1.5,16.7,0,16.7,16.7,0,0,0,25,0,0,0,0,0,0,0,0,0,0,0,0,0,0,16.7,8.2,0,0,0,0,0,0,0
289,"Al15,4-Cr15,4-Fe15,4-Co15,4-Ni30,8-Mo7,6",AlCoCrFeMo0.5Ni2.0,15.4,0,15.4,15.4,0,0,0,30.8,0,0,0,0,0,0,0,0,0,0,0,0,0,0,15.4,7.6,0,0,0,0,0,0,0
290,Ti0.5-Cr-Fe-Co-Ni-Cu,Ti0.5CrFeCoNiCu,0,19.9,19.9,19.9,0,0,0.5,19.9,0,0,0,0,0,0,0,0,0,0,0,0,0,0,19.9,0,0,0,0,0,0,0,0
291,"Ti0.5-Cr-Fe-Co-Ni-Al0,25-Cu0,76","Ti0.5CrFeCoNiAl0,25Cu0,75",0.25,0.76,24.6225,24.6225,0,0,0.5,24.6225,0,0,0,0,0,0,0,0,0,0,0,0,0,0,24.6225,0,0,0,0,0,0,0,0
292,"Ti0.5-Cr-Fe-Co-Ni-Al0,5-Cu0,6","Ti0.5CrFeCoNiAl0,5Cu0,5",0.5,0.6,24.6,24.6,0,0,0.5,24.6,0,0,0,0,0,0,0,0,0,0,0,0,0,0,24.6,0,0,0,0,0,0,0,0
293,"Ti0.5-Cr-Fe-Co-Ni-Al0,75-Cu0,26","Ti0.5CrFeCoNiAl0,75Cu0,25",0.75,0.26,24.6225,24.6225,0,0,0.5,24.6225,0,0,0,0,0,0,0,0,0,0,0,0,0,0,24.6225,0,0,0,0,0,0,0,0
294,Al-Co-Cr-Fe-Ni,AlCoCrFeNi,20,0,20,20,0,0,0,20,0,0,0,0,0,0,0,0,0,0,0,0,0,0,20,0,0,0,0,0,0,0,0
295,"Al-Co-Cr-Fe-Ni-Ti0,6","AlCoCrFeNiTi0,5",19.880000000000003,0,19.880000000000003,19.880000000000003,0,0,0.6,19.880000000000003,0,0,0,0,0,0,0,0,0,0,0,0,0,0,19.880000000000003,0,0,0,0,0,0,0,0
296,Al-Co-Cr-Fe-Ni-Ti,AlCoCrFeNiTi,16.666666666666668,0,16.666666666666668,16.666666666666668,0,0,16.666666666666668,16.666666666666668,0,0,0,0,0,0,0,0,0,0,0,0,0,0,16.666666666666668,0,0,0,0,0,0,0,0
297,"Al-Co-Cr-Fe-Ni-Ti1,6","AlCoCrFeNiTi1,5",19.68,0,19.68,19.68,0,0,1.6,19.68,0,0,0,0,0,0,0,0,0,0,0,0,0,0,19.68,0,0,0,0,0,0,0,0
298,Al-Co-Cr-Fe-Ni-Ti-V-Zr,AlCoFeNiTiVZr,12.5,0,12.5,12.5,0,0,12.5,12.5,0,0,0,0,0,0,0,12.5,12.5,0,0,0,0,0,12.5,0,0,0,0,0,0,0,0
299,Al-Co-Fe-Ni-Ti-V-Zr,AlCoCrFeNiTiVZr,14.285714285714286,0,14.285714285714286,0,0,0,14.285714285714286,14.285714285714286,0,0,0,0,0,0,0,14.285714285714286,14.285714285714286,0,0,0,0,0,14.285714285714286,0,0,0,0,0,0,0,0
300,Fe-Mo-Ni-Ti-V-Zr,FeMoNiTiVZr,0,0,16.666666666666668,0,0,0,16.666666666666668,16.666666666666668,0,0,0,0,0,0,0,16.666666666666668,16.666666666666668,0,0,0,0,0,0,16.666666666666668,0,0,0,0,0,0,0
301,Co-Cr-Cu-Fe-Ni-Ti-V-Zr,CoCrCuFeNiTiVZr,0,12.5,12.5,12.5,0,0,12.5,12.5,0,0,0,0,0,0,0,12.5,12.5,0,0,0,0,0,12.5,0,0,0,0,0,0,0,0
302,Co-Cr-Fe-Mo-Ni-Ti-V-Zr,CoCrFeMoNiTiVZr,0,0,12.5,12.5,0,0,12.5,12.5,0,0,0,0,0,0,0,12.5,12.5,0,0,0,0,0,12.5,12.5,0,0,0,0,0,0,0
303,Co-Cu-Fe-Ni-Ti-V-Zr,CoCuFeNiTiVZr,0,14.285714285714286,14.285714285714286,0,0,0,14.285714285714286,14.285714285714286,0,0,0,0,0,0,0,14.285714285714286,14.285714285714286,0,0,0,0,0,14.285714285714286,0,0,0,0,0,0,0,0
304,Co-Fe-Mo-Ni-Ti-V-Zr,CoFeMoNiTiVZr,0,0,14.285714285714286,0,0,0,14.285714285714286,14.285714285714286,0,0,0,0,0,0,0,14.285714285714286,14.285714285714286,0,0,0,0,0,14.285714285714286,14.285714285714286,0,0,0,0,0,0,0
305,Cu-Fe-Ni-Ti-V-Zr,CuFeNiTiVZr,0,16.666666666666668,16.666666666666668,0,0,0,16.666666666666668,16.666666666666668,0,0,0,0,0,0,0,16.666666666666668,16.666666666666668,0,0,0,0,0,0,0,0,0,0,0,0,0,0
306,Al-Fe-Ni-Ti-V-Zr,AlFeNiTiVZr,16.666666666666668,0,16.666666666666668,0,0,0,16.666666666666668,16.666666666666668,0,0,0,0,0,0,0,16.666666666666668,16.666666666666668,0,0,0,0,0,0,0,0,0,0,0,0,0,0
307,Co-Cr-Fe-Mn-Ni,CoCrFeMnNi,0,0,20,20,0,20,0,20,0,0,0,0,0,0,0,0,0,0,0,0,0,0,20,0,0,0,0,0,0,0,0
308,Al0.10-Co-Cr-Fe-Mn-Ni,Al0.10CoCrFeMnNi,0.1,0,19.98,19.98,0,19.98,0,19.98,0,0,0,0,0,0,0,0,0,0,0,0,0,0,19.98,0,0,0,0,0,0,0,0
309,Al0.20-Co-Cr-Fe-Mn-Ni,Al0.20CoCrFeMnNi,0.2,0,19.96,19.96,0,19.96,0,19.96,0,0,0,0,0,0,0,0,0,0,0,0,0,0,19.96,0,0,0,0,0,0,0,0
310,Al0.38Co-Cr-Fe-Mn-Ni,Al0.38CoCrFeMnNi,0.38,0,19.924,19.924,0,19.924,0,19.924,0,0,0,0,0,0,0,0,0,0,0,0,0,0,19.924,0,0,0,0,0,0,0,0
311,Al0.43-Co-Cr-Fe-Mn-Ni,Al0.43CoCrFeMnNi,0.43000000000000005,0,19.913999999999998,19.913999999999998,0,19.913999999999998,0,19.913999999999998,0,0,0,0,0,0,0,0,0,0,0,0,0,0,19.913999999999998,0,0,0,0,0,0,0,0
312,Al0.49-Co-Cr-Fe-Mn-Ni,Al0.49CoCrFeMnNi,0.49,0,19.902,19.902,0,19.902,0,19.902,0,0,0,0,0,0,0,0,0,0,0,0,0,0,19.902,0,0,0,0,0,0,0,0
313,Al0.56-Co-Cr-Fe-Mn-Ni,Al0.56CoCrFeMnNi,0.56,0,19.887999999999998,19.887999999999998,0,19.887999999999998,0,19.887999999999998,0,0,0,0,0,0,0,0,0,0,0,0,0,0,19.887999999999998,0,0,0,0,0,0,0,0
314,Al0.62-Co-Cr-Fe-Mn-Ni,Al0.62CoCrFeMnNi,0.62,0,19.875999999999998,19.875999999999998,0,19.875999999999998,0,19.875999999999998,0,0,0,0,0,0,0,0,0,0,0,0,0,0,19.875999999999998,0,0,0,0,0,0,0,0
315,Al0.68-Co-Cr-Fe-Mn-Ni,Al0.68CoCrFeMnNi,0.6799999999999999,0,19.863999999999997,19.863999999999997,0,19.863999999999997,0,19.863999999999997,0,0,0,0,0,0,0,0,0,0,0,0,0,0,19.863999999999997,0,0,0,0,0,0,0,0
316,Al0.75-Co-Cr-Fe-Mn-Ni,Al0.75CoCrFeMnNi,0.75,0,19.85,19.85,0,19.85,0,19.85,0,0,0,0,0,0,0,0,0,0,0,0,0,0,19.85,0,0,0,0,0,0,0,0
317,Al0.81-Co-Cr-Fe-Mn-Ni,Al0.81CoCrFeMnNi,0.81,0,19.838,19.838,0,19.838,0,19.838,0,0,0,0,0,0,0,0,0,0,0,0,0,0,19.838,0,0,0,0,0,0,0,0
318,Al0.88-Co-Cr-Fe-Mn-Ni,Al0.88CoCrFeMnNi,0.88,0,19.824,19.824,0,19.824,0,19.824,0,0,0,0,0,0,0,0,0,0,0,0,0,0,19.824,0,0,0,0,0,0,0,0
319,Al0.95-Co-Cr-Fe-Mn-Ni,Al0.95CoCrFeMnNi,0.9500000000000001,0,19.81,19.81,0,19.81,0,19.81,0,0,0,0,0,0,0,0,0,0,0,0,0,0,19.81,0,0,0,0,0,0,0,0
320,Al1.25-Co-Cr-Fe-Mn-Ni,Al1.25CoCrFeMnNi,1.25,0,19.75,19.75,0,19.75,0,19.75,0,0,0,0,0,0,0,0,0,0,0,0,0,0,19.75,0,0,0,0,0,0,0,0
321,Co-Cr-Fe-Ni,Co-Cr-Fe-Ni,0,0,25,25,0,0,0,25,0,0,0,0,0,0,0,0,0,0,0,0,0,0,25,0,0,0,0,0,0,0,0
322,Co-Cr-Fe-Ni-Mn,CoCrFeNiMn,0,0,20,20,0,20,0,20,0,0,0,0,0,0,0,0,0,0,0,0,0,0,20,0,0,0,0,0,0,0,0
323,Co-Cr-Fe-Ni-V,CoCrFeNiV,0,0,20,20,0,0,0,20,0,0,0,0,0,0,0,0,20,0,0,0,0,0,20,0,0,0,0,0,0,0,0
324,Co-Cr-Fe-Ni-Mn-V,CoCrFeNiMnV,0,0,16.666666666666668,16.666666666666668,0,16.666666666666668,0,16.666666666666668,0,0,0,0,0,0,0,0,16.666666666666668,0,0,0,0,0,16.666666666666668,0,0,0,0,0,0,0,0
325,Co-Cr-Fe-Ni,CoCrFeNi,0,0,25,25,0,0,0,25,0,0,0,0,0,0,0,0,0,0,0,0,0,0,25,0,0,0,0,0,0,0,0
326,Co-Cr-Fe-Ni-Mn,CoCrFeNiMn,0,0,20,20,0,20,0,20,0,0,0,0,0,0,0,0,0,0,0,0,0,0,20,0,0,0,0,0,0,0,0
327,Co-Cr-Fe-Ni-V,CoCrFeNiV,0,0,20,20,0,0,0,20,0,0,0,0,0,0,0,0,20,0,0,0,0,0,20,0,0,0,0,0,0,0,0
328,Co-Cr-Fe-Ni-Mn-V,CoCrFeNiMnV,0,0,16.666666666666668,16.666666666666668,0,16.666666666666668,0,16.666666666666668,0,0,0,0,0,0,0,0,16.666666666666668,0,0,0,0,0,16.666666666666668,0,0,0,0,0,0,0,0
329,"Co19,9-Cr20,6-Fe20,1-Ni20,0-Mn19,5",CoCrFeMnNi,0,0,20.1,20.6,0,19.5,0,20,0,0,0,0,0,0,0,0,0,0,0,0,0,0,19.9,0,0,0,0,0,0,0,0
330,"Co19,3-Cr20,0-Fe19,6-Ni19,5-Mn17-V4,6",CoCrFeMnNiV0.25,0,0,19.6,20,0,17,0,19.5,0,0,0,0,0,0,0,0,4.6,0,0,0,0,0,19.3,0,0,0,0,0,0,0,0
331,"Co18,9-Cr18,8-Fe18,4-Ni18,0-Mn17,8-V9,1",CoCrFeMnNiV0.5,0,0,18.4,18.8,0,17.8,0,18,0,0,0,0,0,0,0,0,9.1,0,0,0,0,0,18.9,0,0,0,0,0,0,0,0
332,"Co17,2-Cr17,5-Fe18,2-Ni17,2-Mn16,5-V13,3",CoCrFeMnNiV0.75,0,0,18.2,17.5,0,16.5,0,17.2,0,0,0,0,0,0,0,0,13.3,0,0,0,0,0,17.2,0,0,0,0,0,0,0,0
333,"Co16,2-Cr17-Fe17,2-Ni16,5-Mn16,1-V17",CoCrFeMnNiV1.0,0,0,17.2,17,0,16.1,0,16.5,0,0,0,0,0,0,0,0,17,0,0,0,0,0,16.2,0,0,0,0,0,0,0,0
334,Al0.5-Cr-Fe1.5-Mn-Ni0.6,Al0.5CrFe1.5MnNi0.5,0.5,0,1.5,48.7,0,48.7,0,0.6,0,0,0,0,0,0,0,0,0,0,0,0,0,0,0,0,0,0,0,0,0,0,0
335,Al0.3-Cr-Fe1.5-Mn-Ni0.6,Al0.3CrFe1.5MnNi0.5,0.3,0,1.5,48.8,0,48.8,0,0.6,0,0,0,0,0,0,0,0,0,0,0,0,0,0,0,0,0,0,0,0,0,0,0
336,Al-Cr-Fe-Ni,AlCrFeNi,25,0,25,25,0,0,0,25,0,0,0,0,0,0,0,0,0,0,0,0,0,0,0,0,0,0,0,0,0,0,0
337,Al-Cr-Fe-Ni-Mo-0.2,AlCrFeNiMo0.2,20,0,20,20,0,0,0,20,0,0,0,0,0,0,0,0,0,0,0,0,0,0,0,20,0,0,0,0,0,0,0
338,Al-Cr-Fe-Ni-Mo-0.5,AlCrFeNiMo0.5,20,0,20,20,0,0,0,20,0,0,0,0,0,0,0,0,0,0,0,0,0,0,0,20,0,0,0,0,0,0,0
339,Al-Cr-Fe-Ni-Mo-0.8,AlCrFeNiMo0.8,20,0,20,20,0,0,0,20,0,0,0,0,0,0,0,0,0,0,0,0,0,0,0,20,0,0,0,0,0,0,0
340,Al-Cr-Fe-Ni-Mo,AlCrFeNiMo,20,0,20,20,0,0,0,20,0,0,0,0,0,0,0,0,0,0,0,0,0,0,0,20,0,0,0,0,0,0,0
341,Co-Cr-Cu-Fe,CoCrCuFe,0,25,25,25,0,0,0,0,0,0,0,0,0,0,0,0,0,0,0,0,0,0,25,0,0,0,0,0,0,0,0
342,Al0.3-Co-Cr-Cu-Fe,Al0.3CoCrCuFe,0.3,24.925,24.925,24.925,0,0,0,0,0,0,0,0,0,0,0,0,0,0,0,0,0,0,24.925,0,0,0,0,0,0,0,0
343,Al0.5-Co-Cr-Cu-Fe,Al0.5CoCrCuFe,0.5,24.875,24.875,24.875,0,0,0,0,0,0,0,0,0,0,0,0,0,0,0,0,0,0,24.875,0,0,0,0,0,0,0,0
344,Al0.8-Co-Cr-Cu-Fe,Al0.8CoCrCuFe,0.8,24.8,24.8,24.8,0,0,0,0,0,0,0,0,0,0,0,0,0,0,0,0,0,0,24.8,0,0,0,0,0,0,0,0
345,Al-Co-Cr-Cu-Fe,AlCoCrCuFe,20,20,20,20,0,0,0,0,0,0,0,0,0,0,0,0,0,0,0,0,0,0,20,0,0,0,0,0,0,0,0
346,"Al1,3-Co-Cr-Cu-Fe",Al1.3CoCrCuFe,1.3,24.675,24.675,24.675,0,0,0,0,0,0,0,0,0,0,0,0,0,0,0,0,0,0,24.675,0,0,0,0,0,0,0,0
347,"Al1,5-Co-Cr-Cu-Fe",Al1.5CoCrCuFe,1.5,24.625,24.625,24.625,0,0,0,0,0,0,0,0,0,0,0,0,0,0,0,0,0,0,24.625,0,0,0,0,0,0,0,0
348,Al1.8-Co-Cr-Cu-Fe,Al1.8CoCrCuFe,1.8,24.55,24.55,24.55,0,0,0,0,0,0,0,0,0,0,0,0,0,0,0,0,0,0,24.55,0,0,0,0,0,0,0,0
349,"Al2,0-Co-Cr-Cu-Fe",Al2.0CoCrCuFe,2,24.5,24.5,24.5,0,0,0,0,0,0,0,0,0,0,0,0,0,0,0,0,0,0,24.5,0,0,0,0,0,0,0,0
350,"Al2,3-Co-Cr-Cu-Fe",Al2.3CoCrCuFe,2.3,24.425,24.425,24.425,0,0,0,0,0,0,0,0,0,0,0,0,0,0,0,0,0,0,24.425,0,0,0,0,0,0,0,0
351,"Al2,5-Co-Cr-Cu-Fe",Al2.5CoCrCuFe,2.5,24.375,24.375,24.375,0,0,0,0,0,0,0,0,0,0,0,0,0,0,0,0,0,0,24.375,0,0,0,0,0,0,0,0
352,"Al2,8-Co-Cr-Cu-Fe",Al2.8CoCrCuFe,2.8,24.3,24.3,24.3,0,0,0,0,0,0,0,0,0,0,0,0,0,0,0,0,0,0,24.3,0,0,0,0,0,0,0,0
353,"Al3,0-Co-Cr-Cu-Fe",Al3.0CoCrCuFe,3,24.25,24.25,24.25,0,0,0,0,0,0,0,0,0,0,0,0,0,0,0,0,0,0,24.25,0,0,0,0,0,0,0,0
354,Cu0.5-Co-Cr-Fe-Ni,Cu0.5CoCrFeNi,0,0.5,24.875,24.875,0,0,0,24.875,0,0,0,0,0,0,0,0,0,0,0,0,0,0,24.875,0,0,0,0,0,0,0,0
355,Co-Cr-Cu-Fe-Ni,CoCrCuFeNi,0,20,20,20,0,0,0,20,0,0,0,0,0,0,0,0,0,0,0,0,0,0,20,0,0,0,0,0,0,0,0
356,Al0.3-Co-Cr-Cu-Fe-Ni,Al0.3CoCrCuFeNi,0.3,19.94,19.94,19.94,0,0,0,19.94,0,0,0,0,0,0,0,0,0,0,0,0,0,0,19.94,0,0,0,0,0,0,0,0
357,Al0.5-Co-Cr-Cu-Fe-Ni,Al0.5CoCrCuFeNi,0.5,19.9,19.9,19.9,0,0,0,19.9,0,0,0,0,0,0,0,0,0,0,0,0,0,0,19.9,0,0,0,0,0,0,0,0
358,Al0.8-Co-Cr-Cu-Fe-Ni,Al0.8CoCrCuFeNi,0.8,19.84,19.84,19.84,0,0,0,19.84,0,0,0,0,0,0,0,0,0,0,0,0,0,0,19.84,0,0,0,0,0,0,0,0
359,Al-Co-Cr-Cu-Fe-Ni,AlCoCrCuFeNi,16.666666666666668,16.666666666666668,16.666666666666668,16.666666666666668,0,0,0,16.666666666666668,0,0,0,0,0,0,0,0,0,0,0,0,0,0,16.666666666666668,0,0,0,0,0,0,0,0
360,Al1.3-Co-Cr-Cu-Fe-Ni,Al1.3CoCrCuFeNi,1.3,19.740000000000002,19.740000000000002,19.740000000000002,0,0,0,19.740000000000002,0,0,0,0,0,0,0,0,0,0,0,0,0,0,19.740000000000002,0,0,0,0,0,0,0,0
361,Al1.5-Co-Cr-Cu-Fe-Ni,Al1.5CoCrCuFeNi,1.5,19.7,19.7,19.7,0,0,0,19.7,0,0,0,0,0,0,0,0,0,0,0,0,0,0,19.7,0,0,0,0,0,0,0,0
362,Al1.8-Co-Cr-Cu-Fe-Ni,Al1.8CoCrCuFeNi,1.8,19.64,19.64,19.64,0,0,0,19.64,0,0,0,0,0,0,0,0,0,0,0,0,0,0,19.64,0,0,0,0,0,0,0,0
363,"Al2,0-Co-Cr-Cu-Fe-Ni",Al2CoCrCuFeNi,2,19.6,19.6,19.6,0,0,0,19.6,0,0,0,0,0,0,0,0,0,0,0,0,0,0,19.6,0,0,0,0,0,0,0,0
364,"Al2,3-Co-Cr-Cu-Fe-Ni",Al2.3CoCrCuFeNi,2.3,19.54,19.54,19.54,0,0,0,19.54,0,0,0,0,0,0,0,0,0,0,0,0,0,0,19.54,0,0,0,0,0,0,0,0
365,"Al2,5-Co-Cr-Cu-Fe-Ni",Al2.5CoCrCuFeNi,2.5,19.5,19.5,19.5,0,0,0,19.5,0,0,0,0,0,0,0,0,0,0,0,0,0,0,19.5,0,0,0,0,0,0,0,0
366,"Al2,8-Co-Cr-Cu-Fe-Ni",Al2.8CoCrCuFeNi,2.8,19.44,19.44,19.44,0,0,0,19.44,0,0,0,0,0,0,0,0,0,0,0,0,0,0,19.44,0,0,0,0,0,0,0,0
367,Al0.5-Co-Cr-Cu-Fe-Ni,Al0.5CoCrCuFeNi,0.5,19.9,19.9,19.9,0,0,0,19.9,0,0,0,0,0,0,0,0,0,0,0,0,0,0,19.9,0,0,0,0,0,0,0,0
368,Al0.5-B0.2-Co-Cr-Cu-Fe-Ni,Al0.5B0.2CoCrCuFeNi,0.5,19.86,19.86,19.86,0,0,0,19.86,0,0,0,0,0,0,0,0,0,0,0,0,0,0,19.86,0,0,0,0,0,0.2,0,0
369,Al0.5-B0.6-Co-Cr-Cu-Fe-Ni,Al0.5B0.6CoCrCuFeNi,0.5,19.78,19.78,19.78,0,0,0,19.78,0,0,0,0,0,0,0,0,0,0,0,0,0,0,19.78,0,0,0,0,0,0.6,0,0
370,Al0.5-B-Co-Cr-Cu-Fe-Ni,Al0.5BCoCrCuFeNi,0.5,16.583333333333332,16.583333333333332,16.583333333333332,0,0,0,16.583333333333332,0,0,0,0,0,0,0,0,0,0,0,0,0,0,16.583333333333332,0,0,0,0,0,16.583333333333332,0,0
371,Al0.5-Co-Cr-Cu-Fe-Ni,Al0.5CoCrCuFeNi,0.5,19.9,19.9,19.9,0,0,0,19.9,0,0,0,0,0,0,0,0,0,0,0,0,0,0,19.9,0,0,0,0,0,0,0,0
372,Al0.5-Co-Cr-Cu-Fe-Ni-Ti0.2,Al0.5CoCrCuFeNiTi0.2,0.5,19.86,19.86,19.86,0,0,0.2,19.86,0,0,0,0,0,0,0,0,0,0,0,0,0,0,19.86,0,0,0,0,0,0,0,0
373,Al0.5-Co-Cr-Cu-Fe-Ni-Ti0.4,Al0.5CoCrCuFeNiTi0.4,0.5,19.82,19.82,19.82,0,0,0.4,19.82,0,0,0,0,0,0,0,0,0,0,0,0,0,0,19.82,0,0,0,0,0,0,0,0
374,Al0.5-Co-Cr-Cu-Fe-Ni-Ti-0.6,Al0.5CoCrCuFeNiTi0.6,0.5,16.583333333333332,16.583333333333332,16.583333333333332,0,0,16.583333333333332,16.583333333333332,0,0,0,0,0,0,0,0,0,0,0,0,0,0,16.583333333333332,0,0,0,0,0,0,0,0
375,Al0.5-Co-Cr-Cu-Fe-Ni-Ti-0.8,Al0.5CoCrCuFeNiTi0.8,0.5,16.583333333333332,16.583333333333332,16.583333333333332,0,0,16.583333333333332,16.583333333333332,0,0,0,0,0,0,0,0,0,0,0,0,0,0,16.583333333333332,0,0,0,0,0,0,0,0
376,Al0.5-Co-Cr-Cu-Fe-Ni-Ti,Al0.5CoCrCuFeNiTi,0.5,16.583333333333332,16.583333333333332,16.583333333333332,0,0,16.583333333333332,16.583333333333332,0,0,0,0,0,0,0,0,0,0,0,0,0,0,16.583333333333332,0,0,0,0,0,0,0,0
377,Al0.5-Co-Cr-Cu-Fe-Ni-Ti1.2,Al0.5CoCrCuFeNiTi1.2,0.5,19.66,19.66,19.66,0,0,1.2,19.66,0,0,0,0,0,0,0,0,0,0,0,0,0,0,19.66,0,0,0,0,0,0,0,0
378,Al0.5-Co-Cr-Cu-Fe-Ni-Ti1.4,Al0.5CoCrCuFeNiTi1.4,0.5,19.619999999999997,19.619999999999997,19.619999999999997,0,0,1.4,19.619999999999997,0,0,0,0,0,0,0,0,0,0,0,0,0,0,19.619999999999997,0,0,0,0,0,0,0,0
379,Al0.5-Co-Cr-Cu-Fe-Ni-Ti1.6,Al0.5CoCrCuFeNiTi1.6,0.5,19.580000000000002,19.580000000000002,19.580000000000002,0,0,1.6,19.580000000000002,0,0,0,0,0,0,0,0,0,0,0,0,0,0,19.580000000000002,0,0,0,0,0,0,0,0
380,Al0.5-Co-Cr-Cu-Fe-Ni-Ti1.8,Al0.5CoCrCuFeNiTi1.8,0.5,19.54,19.54,19.54,0,0,1.8,19.54,0,0,0,0,0,0,0,0,0,0,0,0,0,0,19.54,0,0,0,0,0,0,0,0
381,Al0.5-Co-Cr-Cu-Fe-Ni-Ti2,Al0.5CoCrCuFeNiTi2,0.5,19.5,19.5,19.5,0,0,2,19.5,0,0,0,0,0,0,0,0,0,0,0,0,0,0,19.5,0,0,0,0,0,0,0,0
382,Al0.5-Co-Cr-Cu-Fe-Ni,Al0.5CoCrCuFeNi,0.5,19.9,19.9,19.9,0,0,0,19.9,0,0,0,0,0,0,0,0,0,0,0,0,0,0,19.9,0,0,0,0,0,0,0,0
383,Al0.5-Co-Cr-Cu-Fe-Ni-V0.2,Al0.5CoCrCuFeNiV0.2,0.5,19.86,19.86,19.86,0,0,0,19.86,0,0,0,0,0,0,0,0,0.2,0,0,0,0,0,19.86,0,0,0,0,0,0,0,0
384,Al0.5-Co-Cr-Cu-Fe-Ni-V0.4,Al0.5CoCrCuFeNiV0.4,0.5,19.82,19.82,19.82,0,0,0,19.82,0,0,0,0,0,0,0,0,0.4,0,0,0,0,0,19.82,0,0,0,0,0,0,0,0
385,Al0.5-Co-Cr-Cu-Fe-Ni-V0.6,Al0.5CoCrCuFeNiV0.6,0.5,19.78,19.78,19.78,0,0,0,19.78,0,0,0,0,0,0,0,0,0.6,0,0,0,0,0,19.78,0,0,0,0,0,0,0,0
386,Al0.5-Co-Cr-Cu-Fe-Ni-V0.8,Al0.5CoCrCuFeNiV0.8,0.5,19.740000000000002,19.740000000000002,19.740000000000002,0,0,0,19.740000000000002,0,0,0,0,0,0,0,0,0.8,0,0,0,0,0,19.740000000000002,0,0,0,0,0,0,0,0
387,Al0.5-Co-Cr-Cu-Fe-Ni-V,Al0.5CoCrCuFeNiV1.0,0.5,16.583333333333332,16.583333333333332,16.583333333333332,0,0,0,16.583333333333332,0,0,0,0,0,0,0,0,16.583333333333332,0,0,0,0,0,16.583333333333332,0,0,0,0,0,0,0,0
388,"Al0.5-Co-Cr-Cu-Fe-Ni-V01,2",Al0.5CoCrCuFeNiV1.2,0.5,19.66,19.66,19.66,0,0,0,19.66,0,0,0,0,0,0,0,0,1.2,0,0,0,0,0,19.66,0,0,0,0,0,0,0,0
389,"Al0.5-Co-Cr-Cu-Fe-Ni-V1,4",Al0.5CoCrCuFeNiV1.4,0.5,19.619999999999997,19.619999999999997,19.619999999999997,0,0,0,19.619999999999997,0,0,0,0,0,0,0,0,1.4,0,0,0,0,0,19.619999999999997,0,0,0,0,0,0,0,0
390,"Al0.5-Co-Cr-Cu-Fe-Ni-V1,6",Al0.5CoCrCuFeNiV1.6,0.5,19.580000000000002,19.580000000000002,19.580000000000002,0,0,0,19.580000000000002,0,0,0,0,0,0,0,0,1.6,0,0,0,0,0,19.580000000000002,0,0,0,0,0,0,0,0
391,"Al0.5-Co-Cr-Cu-Fe-Ni-V1,8",Al0.5CoCrCuFeNiV1.8,0.5,19.54,19.54,19.54,0,0,0,19.54,0,0,0,0,0,0,0,0,1.8,0,0,0,0,0,19.54,0,0,0,0,0,0,0,0
392,"Al0.5-Co-Cr-Cu-Fe-Ni-V2,0",Al0.5CoCrCuFeNiV2.0,0.5,19.5,19.5,19.5,0,0,0,19.5,0,0,0,0,0,0,0,0,2,0,0,0,0,0,19.5,0,0,0,0,0,0,0,0
393,Al-Co-Cr-Cu-Fe-Ni,AlCoCrCuFeNi,16.666666666666668,16.666666666666668,16.666666666666668,16.666666666666668,0,0,0,16.666666666666668,0,0,0,0,0,0,0,0,0,0,0,0,0,0,16.666666666666668,0,0,0,0,0,0,0,0
394,Al-Co-Cu-Fe-Ni,AlCoCuFeNi,20,20,20,0,0,0,0,20,0,0,0,0,0,0,0,0,0,0,0,0,0,0,20,0,0,0,0,0,0,0,0
395,Al-Co-Cu-Fe-Nb-Ni,AlCoCuFeNbNi,16.666666666666668,16.666666666666668,16.666666666666668,0,0,0,0,16.666666666666668,0,0,0,0,0,0,0,0,0,0,16.666666666666668,0,0,0,16.666666666666668,0,0,0,0,0,0,0,0
396,Al-Co-Cu-Fe-Ni-Si,AlCoCuFeNiSi,16.666666666666668,16.666666666666668,16.666666666666668,0,16.666666666666668,0,0,16.666666666666668,0,0,0,0,0,0,0,0,0,0,0,0,0,0,16.666666666666668,0,0,0,0,0,0,0,0
397,Al-Co-Cu-Fe-Ni-Ti,AlCoCuFeNiTi,16.666666666666668,16.666666666666668,16.666666666666668,0,0,0,16.666666666666668,16.666666666666668,0,0,0,0,0,0,0,0,0,0,0,0,0,0,16.666666666666668,0,0,0,0,0,0,0,0
398,Al-Co-Cu-Fe-Ni-Zr,AlCoCuFeNiZr,16.666666666666668,16.666666666666668,16.666666666666668,0,0,0,0,16.666666666666668,0,0,0,0,0,0,0,16.666666666666668,0,0,0,0,0,0,16.666666666666668,0,0,0,0,0,0,0,0
399,Al-Co-Cr-Cu-Ni-Ti,AlCoCrCuNiTi,16.666666666666668,16.666666666666668,0,16.666666666666668,0,0,16.666666666666668,16.666666666666668,0,0,0,0,0,0,0,0,0,0,0,0,0,0,16.666666666666668,0,0,0,0,0,0,0,0
400,Al-Co-Cr-Cu-Ni-Ti-Y0.5,AlCoCrCuNiTiY0.5,16.583333333333332,16.583333333333332,0,16.583333333333332,0,0,16.583333333333332,16.583333333333332,0,0,0,0,0,0,0,0,0,0,0,0,0,0,16.583333333333332,0,0,0,0,0,0,0,0.5
401,Al-Co-Cr-Cu-Ni-Ti-Y0.8,AlCoCrCuNiTiY0.8,16.533333333333335,16.533333333333335,0,16.533333333333335,0,0,16.533333333333335,16.533333333333335,0,0,0,0,0,0,0,0,0,0,0,0,0,0,16.533333333333335,0,0,0,0,0,0,0,0.8
402,Al-Co-Cr-Cu-Ni-Ti-Y,AlCoCrCuNiTiY,14.285714285714286,14.285714285714286,0,14.285714285714286,0,0,14.285714285714286,14.285714285714286,0,0,0,0,0,0,0,0,0,0,0,0,0,0,14.285714285714286,0,0,0,0,0,0,0,14.285714285714286
403,Fe25-Co25-Cu25-Ni25,CoCuFeNi,0,25,25,0,0,0,0,25,0,0,0,0,0,0,0,0,0,0,0,0,0,0,25,0,0,0,0,0,0,0,0
404,"Fe24,8-Co24,8-Cu24,8-Ni24,8-Sn0,5",CoCuFeNiSn0.02,0,24.8,24.8,0,0,0,0,24.8,0,0,0,0,0,0,0,0,0,0,0,0.5,0,0,24.8,0,0,0,0,0,0,0,0
405,"Fe24,7-Co24,7-Cu24,7-Ni24,7-Sn1",CoCuFeNiSn0.04,0,24.7,24.7,0,0,0,0,24.7,0,0,0,0,0,0,0,0,0,0,0,1,0,0,24.7,0,0,0,0,0,0,0,0
406,"Fe24,7-Co24,7-Cu24,7-Ni24,7-Sn1,23",CoCuFeNiSn0.05,0,24.7,24.7,0,0,0,0,24.7,0,0,0,0,0,0,0,0,0,0,0,1.23,0,0,24.7,0,0,0,0,0,0,0,0
407,"Fe24,5-Co24,5-Cu24,5-Ni24,5-Sn1,7",CoCuFeNiSn0.07,0,24.5,24.5,0,0,0,0,24.5,0,0,0,0,0,0,0,0,0,0,0,1.7,0,0,24.5,0,0,0,0,0,0,0,0
408,"Fe24,4-Co24,4-Cu24,4-Ni24,4-Sn2,5",CoCuFeNiSn0.1,0,24.4,24.4,0,0,0,0,24.4,0,0,0,0,0,0,0,0,0,0,0,2.5,0,0,24.4,0,0,0,0,0,0,0,0
409,"Fe23,8-Co23,8-Cu23,8-Ni23,8-Sn4,76",CoCuFeNiSn0.2,0,23.8,23.8,0,0,0,0,23.8,0,0,0,0,0,0,0,0,0,0,0,4.76,0,0,23.8,0,0,0,0,0,0,0,0
410,"Fe22,2-Co22,2-Cu22,2-Ni22,2-Sn11,1",CoCuFeNiSn0.5,0,22.2,22.2,0,0,0,0,22.2,0,0,0,0,0,0,0,0,0,0,0,11.1,0,0,22.2,0,0,0,0,0,0,0,0
411,Co-Cu-Fe-Mn-Ni,CoCuFeMnNi,0,20,20,0,0,20,0,20,0,0,0,0,0,0,0,0,0,0,0,0,0,0,20,0,0,0,0,0,0,0,0
412,Co-Cu-Fe-Mn-Ni-Sn0.03,CoCuFeMnNiSn0.03,0,19.994,19.994,0,0,19.994,0,19.994,0,0,0,0,0,0,0,0,0,0,0,0.03,0,0,19.994,0,0,0,0,0,0,0,0
413,Co-Cu-Fe-Mn-Ni-Sn-0.05,CoCuFeMnNiSn0.05,0,16.666666666666668,16.666666666666668,0,0,16.666666666666668,0,16.666666666666668,0,0,0,0,0,0,0,0,0,0,0,16.666666666666668,0,0,16.666666666666668,0,0,0,0,0,0,0,0
414,Co-Cu-Fe-Mn-Ni-Sn-0.08,CoCuFeMnNiSn0.08,0,16.666666666666668,16.666666666666668,0,0,16.666666666666668,0,16.666666666666668,0,0,0,0,0,0,0,0,0,0,0,16.666666666666668,0,0,16.666666666666668,0,0,0,0,0,0,0,0
415,Co-Cu-Fe-Mn-Ni-Sn-0.1,CoCuFeMnNiSn0.10,0,16.666666666666668,16.666666666666668,0,0,16.666666666666668,0,16.666666666666668,0,0,0,0,0,0,0,0,0,0,0,16.666666666666668,0,0,16.666666666666668,0,0,0,0,0,0,0,0
416,Co-Cu-Fe-Mn-Ni-Sn-0.2,CoCuFeMnNiSn0.20,0,16.666666666666668,16.666666666666668,0,0,16.666666666666668,0,16.666666666666668,0,0,0,0,0,0,0,0,0,0,0,16.666666666666668,0,0,16.666666666666668,0,0,0,0,0,0,0,0
417,Co-Cr-Cu-Fe-Ni,CoCrCuFeNi,0,20,20,20,0,0,0,20,0,0,0,0,0,0,0,0,0,0,0,0,0,0,20,0,0,0,0,0,0,0,0
418,Al-Cr-Cu-Fe-Ni0.6,AlCrCuFeNi0.6,24.85,24.85,24.85,24.85,0,0,0,0.6,0,0,0,0,0,0,0,0,0,0,0,0,0,0,0,0,0,0,0,0,0,0,0
419,Al-Cr-Cu-Fe-Ni0.8,AlCrCuFeNi0.8,24.8,24.8,24.8,24.8,0,0,0,0.8,0,0,0,0,0,0,0,0,0,0,0,0,0,0,0,0,0,0,0,0,0,0,0
420,Al-Cr-Cu-Fe-Ni,AlCrCuFeNi,20,20,20,20,0,0,0,20,0,0,0,0,0,0,0,0,0,0,0,0,0,0,0,0,0,0,0,0,0,0,0
421,Al-Cr-Cu-Fe-Ni1.2,AlCrCuFeNi1.2,24.7,24.7,24.7,24.7,0,0,0,1.2,0,0,0,0,0,0,0,0,0,0,0,0,0,0,0,0,0,0,0,0,0,0,0
422,Al-Cr-Cu-Fe-Ni1.4,AlCrCuFeNi1.4,24.65,24.65,24.65,24.65,0,0,0,1.4,0,0,0,0,0,0,0,0,0,0,0,0,0,0,0,0,0,0,0,0,0,0,0
423,Al-Cr-Cu-Fe-Ni2,AlCrCuFeNi2,24.5,24.5,24.5,24.5,0,0,0,2,0,0,0,0,0,0,0,0,0,0,0,0,0,0,0,0,0,0,0,0,0,0,0
424,Al0.2-Cr-Cu-Fe-Ni2,Al0.2CrCuFeNi2,0.2,32.6,32.6,32.6,0,0,0,2,0,0,0,0,0,0,0,0,0,0,0,0,0,0,0,0,0,0,0,0,0,0,0
425,Al0.4-Cr-Cu-Fe-Ni2,Al0.4CrCuFeNi2,0.4,32.53333333333333,32.53333333333333,32.53333333333333,0,0,0,2,0,0,0,0,0,0,0,0,0,0,0,0,0,0,0,0,0,0,0,0,0,0,0
426,Al0.6-Cr-Cu-Fe-Ni2,Al0.6CrCuFeNi2,0.6,32.46666666666667,32.46666666666667,32.46666666666667,0,0,0,2,0,0,0,0,0,0,0,0,0,0,0,0,0,0,0,0,0,0,0,0,0,0,0
427,Al0.8-Cr-Cu-Fe-Ni2,Al0.8CrCuFeNi2,0.8,32.4,32.4,32.4,0,0,0,2,0,0,0,0,0,0,0,0,0,0,0,0,0,0,0,0,0,0,0,0,0,0,0
428,Al1.2-Cr-Cu-Fe-Ni2,Al1.2CrCuFeNi2,1.2,32.266666666666666,32.266666666666666,32.266666666666666,0,0,0,2,0,0,0,0,0,0,0,0,0,0,0,0,0,0,0,0,0,0,0,0,0,0,0
429,Al-Cr-Cu-Fe-Ni-Ti,AlCrCuFeNiTi,16.666666666666668,16.666666666666668,16.666666666666668,16.666666666666668,0,0,16.666666666666668,16.666666666666668,0,0,0,0,0,0,0,0,0,0,0,0,0,0,0,0,0,0,0,0,0,0,0
430,Al1.125-Cu-Fe0.75-Ni-Ti1.126,Al1.125CuFe0.75NiTi1.125,1.125,48.4995,0.75,0,0,0,1.1260000000000001,48.4995,0,0,0,0,0,0,0,0,0,0,0,0,0,0,0,0,0,0,0,0,0,0,0
431,Al22.5-Cu20-Fe15-Ni20-Ti22.6,Al22.5Cu20Fe15Ni20Ti22.5,22.5,20,15,0,0,0,22.6,20,0,0,0,0,0,0,0,0,0,0,0,0,0,0,0,0,0,0,0,0,0,0,0
432,Al-Cu-Fe-Ni-Ti,AlCuFeNiTi,20,20,20,0,0,0,20,20,0,0,0,0,0,0,0,0,0,0,0,0,0,0,0,0,0,0,0,0,0,0,0
433,Al-Cu-Ni-Ti,AlCuNiTi,25,25,0,0,0,0,25,25,0,0,0,0,0,0,0,0,0,0,0,0,0,0,0,0,0,0,0,0,0,0,0
434,Al-Cr0.5-Nb-Ti-V,AlCr0.5NbTiV,24.875,0,0,0.5,0,0,24.875,0,0,0,0,0,0,0,0,0,24.875,0,24.875,0,0,0,0,0,0,0,0,0,0,0,0
435,Al-Cr-Nb-Ti-V,AlCrNbTiV,20,0,0,20,0,0,20,0,0,0,0,0,0,0,0,0,20,0,20,0,0,0,0,0,0,0,0,0,0,0,0
436,Al-Cr1.5-Nb-Ti-V,AlCr1.5NbTiV,24.625,0,0,1.5,0,0,24.625,0,0,0,0,0,0,0,0,0,24.625,0,24.625,0,0,0,0,0,0,0,0,0,0,0,0
437,Al-Nb-Ti-V,Al-Nb-Ti-V,25,0,0,0,0,0,25,0,0,0,0,0,0,0,0,0,25,0,25,0,0,0,0,0,0,0,0,0,0,0,0
438,"Al7,9-Hf12,8-Nb23-Ta16,8-Ti18,9-Zr20,6",Al0.4Hf0.6NbTaTiZr,7.9,0,0,0,0,0,18.9,0,0,0,0,0,0,0,0,20.6,0,0,23,0,16.8,12.8,0,0,0,0,0,0,0,0,0
439,"Al20,4-Mo10,5-Nb22,4-Ta10,1-Ti17,8-Zr18,8",AlMo0.5NbTa0.5TiZr,20.4,0,0,0,0,0,17.8,0,0,0,0,0,0,0,0,18.8,0,0,22.4,0,10.1,0,0,10.5,0,0,0,0,0,0,0
440,"Al5,2-Nb23,4-Ta13,2-Ti27,7-V4,3-Zr26,2",Al0.3NbTa0.8Ti1.4V0.2Zr1.3,5.2,0,0,0,0,0,27.7,0,0,0,0,0,0,0,0,26.2,4.3,0,23.4,0,13.2,0,0,0,0,0,0,0,0,0,0
441,"Al11,3-Nb22,3-Ta13,1-Ti27,9-V4,5-Zr20,9",Al0.5NbTa0.8Ti1.5V0.2Zr,11.3,0,0,0,0,0,27.9,0,0,0,0,0,0,0,0,20.9,4.5,0,22.3,0,13.1,0,0,0,0,0,0,0,0,0,0
442,"Al5,7-Nb23,5-Ta17,6-Ti27,2-Zr26",Al0.3NbTaTi1.4Zr1.3,5.7,0,0,0,0,0,27.2,0,0,0,0,0,0,0,0,26,0,0,23.5,0,17.6,0,0,0,0,0,0,0,0,0,0
443,"Al21,9-Nb32-Ta9-Ti26,7-Zr10,3",AlNb1.5Ta0.5Ti1.5Zr0.5,21.9,0,0,0,0,0,26.7,0,0,0,0,0,0,0,0,10.3,0,0,32,0,9,0,0,0,0,0,0,0,0,0,0
444,"Al6,6-Hf18,7-Nb18,6-Ta18,4-Ti18,4-Zr19,3",Al0.3HfNbTaTiZr,6.6,0,0,0,0,0,18.4,0,0,0,0,0,0,0,0,19.3,0,0,18.6,0,18.4,18.7,0,0,0,0,0,0,0,0,0
445,"Al9,4-Hf18,0-Nb17,6-Ta17,6-Ti18,3-Zr19,1",Al0.5HfNbTaTiZr,9.4,0,0,0,0,0,18.3,0,0,0,0,0,0,0,0,19.1,0,0,17.6,0,17.6,18,0,0,0,0,0,0,0,0,0
446,"Al12,5-Hf16,9-Nb17,4-Ta17,6-Ti17,6-Zr18,2",Al0.75HfNbTaTiZr,12.5,0,0,0,0,0,17.6,0,0,0,0,0,0,0,0,18.2,0,0,17.4,0,17.6,16.9,0,0,0,0,0,0,0,0,0
447,"Al16,2-Hf16,4-Nb16,9-Ta16,4-Ti17,4-Zr16,6",AlHfNbTaTiZr,16.2,0,0,0,0,0,17.4,0,0,0,0,0,0,0,0,16.6,0,0,16.9,0,16.4,16.4,0,0,0,0,0,0,0,0,0
448,"HF20,8-Nb18,9-Ta20,2-Ti20,2-Zr19,9",HfNbTaTiZr,0,0,0,0,0,0,20.2,0,0,0,0,0,0,0,0,19.9,0,0,18.9,0,20.2,20.8,0,0,0,0,0,0,0,0,0
449,Al0.25-Mo-Nb-Ti-V,Al0.25MoNbTiV,0.25,0,0,0,0,0,24.9375,0,0,0,0,0,0,0,0,0,24.9375,0,24.9375,0,0,0,0,24.9375,0,0,0,0,0,0,0
450,Al0.5-Mo-Nb-Ti-V,Al0.5MoNbTiV,0.5,0,0,0,0,0,24.875,0,0,0,0,0,0,0,0,0,24.875,0,24.875,0,0,0,0,24.875,0,0,0,0,0,0,0
451,Al0.75-Mo-Nb-Ti-V,Al0.75MoNbTiV,0.75,0,0,0,0,0,24.8125,0,0,0,0,0,0,0,0,0,24.8125,0,24.8125,0,0,0,0,24.8125,0,0,0,0,0,0,0
452,Al-Mo-Nb-Ti-V,AlMoNbTiV,20,0,0,0,0,0,20,0,0,0,0,0,0,0,0,0,20,0,20,0,0,0,0,20,0,0,0,0,0,0,0
453,Mo-Nb-Ti-V,MoNbTiV,0,0,0,0,0,0,25,0,0,0,0,0,0,0,0,0,25,0,25,0,0,0,0,25,0,0,0,0,0,0,0
454,Al0.25-Nb-Ta-Ti-V,Al0.25NbTaTiV,0.25,0,0,0,0,0,24.9375,0,0,0,0,0,0,0,0,0,24.9375,0,24.9375,0,24.9375,0,0,0,0,0,0,0,0,0,0
455,Al0.5-Nb-Ta-Ti-V,Al0.5NbTaTiV,0.5,0,0,0,0,0,24.875,0,0,0,0,0,0,0,0,0,24.875,0,24.875,0,24.875,0,0,0,0,0,0,0,0,0,0
456,Al-Nb-Ta-Ti-V,AlNbTaTiV,20,0,0,0,0,0,20,0,0,0,0,0,0,0,0,0,20,0,20,0,20,0,0,0,0,0,0,0,0,0,0
457,Al-Nb-Ti-V,AlNbTiV,25,0,0,0,0,0,25,0,0,0,0,0,0,0,0,0,25,0,25,0,0,0,0,0,0,0,0,0,0,0,0
458,Al-Nb-Ti-V,AlNbTiV,25,0,0,0,0,0,25,0,0,0,0,0,0,0,0,0,25,0,25,0,0,0,0,0,0,0,0,0,0,0,0
459,Al-Nb-Ti-V,AlNbTiV,25,0,0,0,0,0,25,0,0,0,0,0,0,0,0,0,25,0,25,0,0,0,0,0,0,0,0,0,0,0,0
460,Al-Nb-Ti-V,AlNbTiV,25,0,0,0,0,0,25,0,0,0,0,0,0,0,0,0,25,0,25,0,0,0,0,0,0,0,0,0,0,0,0
461,Ti20-Zr20-Hf20-Nb20-V20,TiZrHfNbV,0,0,0,0,0,0,20,0,0,0,0,0,0,0,0,20,20,0,20,0,0,20,0,0,0,0,0,0,0,0,0
462,Ti20-Zr20-Hf20-Nb20-V20,TiZrHfNbV,0,0,0,0,0,0,20,0,0,0,0,0,0,0,0,20,20,0,20,0,0,20,0,0,0,0,0,0,0,0,0
463,Ti20-Zr20-Hf20-Nb20-V20,TiZrHfNbV,0,0,0,0,0,0,20,0,0,0,0,0,0,0,0,20,20,0,20,0,0,20,0,0,0,0,0,0,0,0,0
464,Ti20-Zr20-Hf20-Nb20-V20,TiZrHfNbV,0,0,0,0,0,0,20,0,0,0,0,0,0,0,0,20,20,0,20,0,0,20,0,0,0,0,0,0,0,0,0
465,Ti20-Zr20-Hf20-Nb20-V20,TiZrHfNbV,0,0,0,0,0,0,20,0,0,0,0,0,0,0,0,20,20,0,20,0,0,20,0,0,0,0,0,0,0,0,0
466,Ti20-Zr20-Hf20-Nb20-Cr20,TiZrHfNbCr,0,0,0,20,0,0,20,0,0,0,0,0,0,0,0,20,0,0,20,0,0,20,0,0,0,0,0,0,0,0,0
467,Ti20-Zr20-Hf20-Nb20-Cr21,TiZrHfNbCr,0,0,0,21,0,0,20,0,0,0,0,0,0,0,0,20,0,0,20,0,0,20,0,0,0,0,0,0,0,0,0
468,Ti20-Zr20-Hf20-Nb20-Cr22,TiZrHfNbCr,0,0,0,22,0,0,20,0,0,0,0,0,0,0,0,20,0,0,20,0,0,20,0,0,0,0,0,0,0,0,0
469,Ti20-Zr20-Hf20-Nb20-Cr23,TiZrHfNbCr,0,0,0,23,0,0,20,0,0,0,0,0,0,0,0,20,0,0,20,0,0,20,0,0,0,0,0,0,0,0,0
470,Ti20-Zr20-Hf20-Nb20-Cr24,TiZrHfNbCr,0,0,0,24,0,0,20,0,0,0,0,0,0,0,0,20,0,0,20,0,0,20,0,0,0,0,0,0,0,0,0
471,Nb-Cr-Mo0.5-Ta0.5-Ti-Zr,NbCrMo0.5Ta0.5TiZr,0,0,0,24.75,0,0,24.75,0,0,0,0,0,0,0,0,24.75,0,0,24.75,0,0.5,0,0,0.5,0,0,0,0,0,0,0
472,Nb-Cr-Mo0.5-Ta0.5-Ti-Zr,NbCrMo0.5Ta0.5TiZr,0,0,0,24.75,0,0,24.75,0,0,0,0,0,0,0,0,24.75,0,0,24.75,0,0.5,0,0,0.5,0,0,0,0,0,0,0
473,Nb-Cr-Mo0.5-Ta0.5-Ti-Zr,NbCrMo0.5Ta0.5TiZr,0,0,0,24.75,0,0,24.75,0,0,0,0,0,0,0,0,24.75,0,0,24.75,0,0.5,0,0,0.5,0,0,0,0,0,0,0
474,Nb-Cr-Mo0.5-Ta0.5-Ti-Zr,NbCrMo0.5Ta0.5TiZr,0,0,0,24.75,0,0,24.75,0,0,0,0,0,0,0,0,24.75,0,0,24.75,0,0.5,0,0,0.5,0,0,0,0,0,0,0
475,"Nb28,3-Ti24,5-V23,0-Zr24,2",NbTiVZr,0,0,0,0,0,0,24.5,0,0,0,0,0,0,0,0,24.2,23,0,28.3,0,0,0,0,0,0,0,0,0,0,0,0
476,"Nb28,3-Ti24,5-V23,0-Zr24,2",NbTiVZr,0,0,0,0,0,0,24.5,0,0,0,0,0,0,0,0,24.2,23,0,28.3,0,0,0,0,0,0,0,0,0,0,0,0
477,"Nb28,3-Ti24,5-V23,0-Zr24,2",NbTiVZr,0,0,0,0,0,0,24.5,0,0,0,0,0,0,0,0,24.2,23,0,28.3,0,0,0,0,0,0,0,0,0,0,0,0
478,"Nb28,3-Ti24,5-V23,0-Zr24,2",NbTiVZr,0,0,0,0,0,0,24.5,0,0,0,0,0,0,0,0,24.2,23,0,28.3,0,0,0,0,0,0,0,0,0,0,0,0
479,"Nb22,6-Ti19,4-V37,2-Zr20,8",NbTiV2Zr,0,0,0,0,0,0,19.4,0,0,0,0,0,0,0,0,20.8,37.2,0,22.6,0,0,0,0,0,0,0,0,0,0,0,0
480,"Nb22,6-Ti19,4-V37,2-Zr20,8",NbTiV2Zr,0,0,0,0,0,0,19.4,0,0,0,0,0,0,0,0,20.8,37.2,0,22.6,0,0,0,0,0,0,0,0,0,0,0,0
481,"Nb22,6-Ti19,4-V37,2-Zr20,8",NbTiV2Zr,0,0,0,0,0,0,19.4,0,0,0,0,0,0,0,0,20.8,37.2,0,22.6,0,0,0,0,0,0,0,0,0,0,0,0
482,"Nb22,6-Ti19,4-V37,2-Zr20,8",NbTiV2Zr,0,0,0,0,0,0,19.4,0,0,0,0,0,0,0,0,20.8,37.2,0,22.6,0,0,0,0,0,0,0,0,0,0,0,0
483,"Cr24,6-Nb26,7-Ti23,9-Zr24,8",CrNbTiZr,0,0,0,24.6,0,0,23.9,0,0,0,0,0,0,0,0,24.8,0,0,26.7,0,0,0,0,0,0,0,0,0,0,0,0
484,"Cr24,6-Nb26,7-Ti23,9-Zr24,8",CrNbTiZr,0,0,0,24.6,0,0,23.9,0,0,0,0,0,0,0,0,24.8,0,0,26.7,0,0,0,0,0,0,0,0,0,0,0,0
485,"Cr24,6-Nb26,7-Ti23,9-Zr24,8",CrNbTiZr,0,0,0,24.6,0,0,23.9,0,0,0,0,0,0,0,0,24.8,0,0,26.7,0,0,0,0,0,0,0,0,0,0,0,0
486,"Cr24,6-Nb26,7-Ti23,9-Zr24,8",CrNbTiZr,0,0,0,24.6,0,0,23.9,0,0,0,0,0,0,0,0,24.8,0,0,26.7,0,0,0,0,0,0,0,0,0,0,0,0
487,"Cr20,2-Nb20-Ti19,9-V19,6-Zr20,3",CrNbTiVZr,0,0,0,20.2,0,0,19.9,0,0,0,0,0,0,0,0,20.3,19.6,0,20,0,0,0,0,0,0,0,0,0,0,0,0
488,"Cr20,2-Nb20-Ti19,9-V19,6-Zr20,3",CrNbTiVZr,0,0,0,20.2,0,0,19.9,0,0,0,0,0,0,0,0,20.3,19.6,0,20,0,0,0,0,0,0,0,0,0,0,0,0
489,"Cr20,2-Nb20-Ti19,9-V19,6-Zr20,3",CrNbTiVZr,0,0,0,20.2,0,0,19.9,0,0,0,0,0,0,0,0,20.3,19.6,0,20,0,0,0,0,0,0,0,0,0,0,0,0
490,"Cr20,2-Nb20-Ti19,9-V19,6-Zr20,3",CrNbTiVZr,0,0,0,20.2,0,0,19.9,0,0,0,0,0,0,0,0,20.3,19.6,0,20,0,0,0,0,0,0,0,0,0,0,0,0
491,Hf0.5-Mo0.5-NbTi-Zr-C0.1,Hf0.5Mo0.5NbTiZrC0.1,0,0,0,0,0,0,32.96666666666667,0,0,0,0,0,0,0,0,32.96666666666667,0,0,32.96666666666667,0,0,0.5,0,0.5,0.1,0,0,0,0,0,0
492,Hf0.5-Mo0.5-Nb-Ti-Zr-C0.3,Hf0.5Mo0.5NbTiZrC0.3,0,0,0,0,0,0,32.9,0,0,0,0,0,0,0,0,32.9,0,0,32.9,0,0,0.5,0,0.5,0.3,0,0,0,0,0,0
493,Hf-Mo0.25-Nb-Ta-Ti-Zr,HfMo0.25NbTaTiZr,0,0,0,0,0,0,19.95,0,0,0,0,0,0,0,0,19.95,0,0,19.95,0,19.95,19.95,0,0.25,0,0,0,0,0,0,0
494,Hf-Mo0.5-Nb-Ta-Ti-Zr,HfMo0.5NbTaTiZr,0,0,0,0,0,0,19.9,0,0,0,0,0,0,0,0,19.9,0,0,19.9,0,19.9,19.9,0,0.5,0,0,0,0,0,0,0
495,Hf-Mo0.75-Nb-Ta-Ti-Zr,HfMo0.75NbTaTiZr,0,0,0,0,0,0,19.85,0,0,0,0,0,0,0,0,19.85,0,0,19.85,0,19.85,19.85,0,0.75,0,0,0,0,0,0,0
496,Hf-Mo-Nb-Ta-Ti-Zr,HfMoNbTaTiZr,0,0,0,0,0,0,16.666666666666668,0,0,0,0,0,0,0,0,16.666666666666668,0,0,16.666666666666668,0,16.666666666666668,16.666666666666668,0,16.666666666666668,0,0,0,0,0,0,0
497,Hf-Nb-Ta-Ti-Zr,HfNbTaTiZr,0,0,0,0,0,0,20,0,0,0,0,0,0,0,0,20,0,0,20,0,20,20,0,0,0,0,0,0,0,0,0
498,Hf20-Mo20-Ta20-Ti20-Zr20,HfMoTaTiZr,0,0,0,0,0,0,20,0,0,0,0,0,0,0,0,20,0,0,0,0,20,20,0,20,0,0,0,0,0,0,0
499,Hf20-Mo20-Ta20-Ti20-Zr20,HfMoTaTiZr,0,0,0,0,0,0,20,0,0,0,0,0,0,0,0,20,0,0,0,0,20,20,0,20,0,0,0,0,0,0,0
500,Hf20-Mo20-Ta20-Ti20-Zr20,HfMoTaTiZr,0,0,0,0,0,0,20,0,0,0,0,0,0,0,0,20,0,0,0,0,20,20,0,20,0,0,0,0,0,0,0
501,Hf20-Mo20-Ta20-Ti20-Zr20,HfMoTaTiZr,0,0,0,0,0,0,20,0,0,0,0,0,0,0,0,20,0,0,0,0,20,20,0,20,0,0,0,0,0,0,0
502,"Hf16,7-Mo16,7-Nb16,7-Ta16,7-Ti16,7-Zr16,7",HfMoNbTaTiZr,0,0,0,0,0,0,16.7,0,0,0,0,0,0,0,0,16.7,0,0,16.7,0,16.7,16.7,0,16.7,0,0,0,0,0,0,0
503,"Hf16,7-Mo16,7-Nb16,7-Ta16,7-Ti16,7-Zr16,7",HfMoNbTaTiZr,0,0,0,0,0,0,16.7,0,0,0,0,0,0,0,0,16.7,0,0,16.7,0,16.7,16.7,0,16.7,0,0,0,0,0,0,0
504,"Hf16,7-Mo16,7-Nb16,7-Ta16,7-Ti16,7-Zr16,7",HfMoNbTaTiZr,0,0,0,0,0,0,16.7,0,0,0,0,0,0,0,0,16.7,0,0,16.7,0,16.7,16.7,0,16.7,0,0,0,0,0,0,0
505,"Hf16,7-Mo16,7-Nb16,7-Ta16,7-Ti16,7-Zr16,7",HfMoNbTaTiZr,0,0,0,0,0,0,16.7,0,0,0,0,0,0,0,0,16.7,0,0,16.7,0,16.7,16.7,0,16.7,0,0,0,0,0,0,0
506,Hf-Mo-Nb-Ti-Zr,HfMoNbTiZr,0,0,0,0,0,0,20,0,0,0,0,0,0,0,0,20,0,0,20,0,0,20,0,20,0,0,0,0,0,0,0
507,Hf-Mo-Nb-Ti-Zr,HfMoNbTiZr,0,0,0,0,0,0,20,0,0,0,0,0,0,0,0,20,0,0,20,0,0,20,0,20,0,0,0,0,0,0,0
508,Hf-Mo-Nb-Ti-Zr,HfMoNbTiZr,0,0,0,0,0,0,20,0,0,0,0,0,0,0,0,20,0,0,20,0,0,20,0,20,0,0,0,0,0,0,0
509,Hf-Mo-Nb-Ti-Zr,HfMoNbTiZr,0,0,0,0,0,0,20,0,0,0,0,0,0,0,0,20,0,0,20,0,0,20,0,20,0,0,0,0,0,0,0
510,"Hf22,2-Nb22,2-Ti22,2-V22,2-Si11,2",HfNbSi0.5TiV,0,0,0,0,11.2,0,22.2,0,0,0,0,0,0,0,0,0,22.2,0,22.2,0,0,22.2,0,0,0,0,0,0,0,0,0
511,"Hf22,2-Nb22,2-Ti22,2-V22,2-Si11,3",HfNbSi0.5TiV,0,0,0,0,11.3,0,22.2,0,0,0,0,0,0,0,0,0,22.2,0,22.2,0,0,22.2,0,0,0,0,0,0,0,0,0
512,"Hf22,2-Nb22,2-Ti22,2-V22,2-Si11,4",HfNbSi0.5TiV,0,0,0,0,11.4,0,22.2,0,0,0,0,0,0,0,0,0,22.2,0,22.2,0,0,22.2,0,0,0,0,0,0,0,0,0
513,Ta-Nb-Hf-Zr,TaNbHfZr,0,0,0,0,0,0,0,0,0,0,0,0,0,0,0,25,0,0,25,0,25,25,0,0,0,0,0,0,0,0,0
514,Ta-Nb-Hf-Zr,TaNbHfZr,0,0,0,0,0,0,0,0,0,0,0,0,0,0,0,25,0,0,25,0,25,25,0,0,0,0,0,0,0,0,0
515,Ta-Nb-Hf-Zr,TaNbHfZr,0,0,0,0,0,0,0,0,0,0,0,0,0,0,0,25,0,0,25,0,25,25,0,0,0,0,0,0,0,0,0
516,Ta-Nb-Hf-Zr,TaNbHfZr,0,0,0,0,0,0,0,0,0,0,0,0,0,0,0,25,0,0,25,0,25,25,0,0,0,0,0,0,0,0,0
517,Ta-Nb-Hf-Zr,TaNbHfZr,0,0,0,0,0,0,0,0,0,0,0,0,0,0,0,25,0,0,25,0,25,25,0,0,0,0,0,0,0,0,0
518,Hf0.5-Nb0.5-Ta0.5-Ti1.5-Zr,Hf0.5Nb0.5Ta0.5Ti1.5Zr,0,0,0,0,0,0,1.5,0,0,0,0,0,0,0,0,97,0,0,0.5,0,0.5,0.5,0,0,0,0,0,0,0,0,0
519,"Ta19,68-Nb18,93-Hf20,46-Zr21,23-Ti19,7",TaNbHfZrTi,0,0,0,0,0,0,19.7,0,0,0,0,0,0,0,0,21.23,0,0,18.93,0,19.68,20.459999999999997,0,0,0,0,0,0,0,0,0
520,"Ta19,68-Nb18,93-Hf20,46-Zr21,23-Ti19,7",TaNbHfZrTi,0,0,0,0,0,0,19.7,0,0,0,0,0,0,0,0,21.23,0,0,18.93,0,19.68,20.459999999999997,0,0,0,0,0,0,0,0,0
521,"Ta19,68-Nb18,93-Hf20,46-Zr21,23-Ti19,7",TaNbHfZrTi,0,0,0,0,0,0,19.7,0,0,0,0,0,0,0,0,21.23,0,0,18.93,0,19.68,20.459999999999997,0,0,0,0,0,0,0,0,0
522,"Ta19,68-Nb18,93-Hf20,46-Zr21,23-Ti19,7",TaNbHfZrTi,0,0,0,0,0,0,19.7,0,0,0,0,0,0,0,0,21.23,0,0,18.93,0,19.68,20.459999999999997,0,0,0,0,0,0,0,0,0
523,"Ta19,68-Nb18,93-Hf20,46-Zr21,23-Ti19,7",TaNbHfZrTi,0,0,0,0,0,0,19.7,0,0,0,0,0,0,0,0,21.23,0,0,18.93,0,19.68,20.459999999999997,0,0,0,0,0,0,0,0,0
524,"Ta19,68-Nb18,93-Hf20,46-Zr21,23-Ti19,7",TaNbHfZrTi,0,0,0,0,0,0,19.7,0,0,0,0,0,0,0,0,21.23,0,0,18.93,0,19.68,20.459999999999997,0,0,0,0,0,0,0,0,0
525,Hf-Nb-Ti-Zr,HfNbTiZr,0,0,0,0,0,0,25,0,0,0,0,0,0,0,0,25,0,0,25,0,0,25,0,0,0,0,0,0,0,0,0
526,Mo-Nb-Ta-V,MoNbTaV,0,0,0,0,0,0,0,0,0,0,0,0,0,0,0,0,25,0,25,0,25,0,0,25,0,0,0,0,0,0,0
527,Mo-Nb-Ta-V-W,MoNbTaVW,0,0,0,0,0,0,0,0,0,0,0,0,0,0,0,0,20,0,20,0,20,0,0,20,0,20,0,0,0,0,0
528,Mo-Nb-Ta-V-W,MoNbTaVW,0,0,0,0,0,0,0,0,0,0,0,0,0,0,0,0,20,0,20,0,20,0,0,20,0,20,0,0,0,0,0
529,Mo-Nb-Ta-V-W,MoNbTaVW,0,0,0,0,0,0,0,0,0,0,0,0,0,0,0,0,20,0,20,0,20,0,0,20,0,20,0,0,0,0,0
530,Mo-Nb-Ta-V-W,MoNbTaVW,0,0,0,0,0,0,0,0,0,0,0,0,0,0,0,0,20,0,20,0,20,0,0,20,0,20,0,0,0,0,0
531,Mo-Nb-Ta-V-W,MoNbTaVW,0,0,0,0,0,0,0,0,0,0,0,0,0,0,0,0,20,0,20,0,20,0,0,20,0,20,0,0,0,0,0
532,Mo-Nb-Ta-V-W,MoNbTaVW,0,0,0,0,0,0,0,0,0,0,0,0,0,0,0,0,20,0,20,0,20,0,0,20,0,20,0,0,0,0,0
533,Mo-Nb-Ta-V-W,MoNbTaVW,0,0,0,0,0,0,0,0,0,0,0,0,0,0,0,0,20,0,20,0,20,0,0,20,0,20,0,0,0,0,0
534,Mo-Nb-Ta-W,MoNbTaW,0,0,0,0,0,0,0,0,0,0,0,0,0,0,0,0,0,0,25,0,25,0,0,25,0,25,0,0,0,0,0
535,Mo-Nb-Ta-W,MoNbTaW,0,0,0,0,0,0,0,0,0,0,0,0,0,0,0,0,0,0,25,0,25,0,0,25,0,25,0,0,0,0,0
536,Mo-Nb-Ta-W,MoNbTaW,0,0,0,0,0,0,0,0,0,0,0,0,0,0,0,0,0,0,25,0,25,0,0,25,0,25,0,0,0,0,0
537,Mo-Nb-Ta-W,MoNbTaW,0,0,0,0,0,0,0,0,0,0,0,0,0,0,0,0,0,0,25,0,25,0,0,25,0,25,0,0,0,0,0
538,Mo-Nb-Ta-W,MoNbTaW,0,0,0,0,0,0,0,0,0,0,0,0,0,0,0,0,0,0,25,0,25,0,0,25,0,25,0,0,0,0,0
539,Mo-Nb-Ta-W,MoNbTaW,0,0,0,0,0,0,0,0,0,0,0,0,0,0,0,0,0,0,25,0,25,0,0,25,0,25,0,0,0,0,0
540,Mo-Nb-Ta-W,MoNbTaW,0,0,0,0,0,0,0,0,0,0,0,0,0,0,0,0,0,0,25,0,25,0,0,25,0,25,0,0,0,0,0
541,Mo-Nb-Ti-V0.25-Zr,MoNbTiV0.25Zr,0,0,0,0,0,0,24.9375,0,0,0,0,0,0,0,0,24.9375,0.25,0,24.9375,0,0,0,0,24.9375,0,0,0,0,0,0,0
542,Mo-Nb-Ti-V0.50-Zr,MoNbTiV0.50Zr,0,0,0,0,0,0,24.875,0,0,0,0,0,0,0,0,24.875,0.5,0,24.875,0,0,0,0,24.875,0,0,0,0,0,0,0
543,Mo-Nb-Ti-V0.75-Zr,MoNbTiV0.75Zr,0,0,0,0,0,0,24.8125,0,0,0,0,0,0,0,0,24.8125,0.75,0,24.8125,0,0,0,0,24.8125,0,0,0,0,0,0,0
544,Mo-Nb-Ti-V1.0-Zr,MoNbTiV1.0Zr,0,0,0,0,0,0,24.75,0,0,0,0,0,0,0,0,24.75,1,0,24.75,0,0,0,0,24.75,0,0,0,0,0,0,0
545,Mo-Nb-Ti-V1.5-Zr,MoNbTiV1.5Zr,0,0,0,0,0,0,24.625,0,0,0,0,0,0,0,0,24.625,1.5,0,24.625,0,0,0,0,24.625,0,0,0,0,0,0,0
546,Mo-Nb-Ti-V2.0-Zr,MoNbTiV2.0Zr,0,0,0,0,0,0,24.5,0,0,0,0,0,0,0,0,24.5,2,0,24.5,0,0,0,0,24.5,0,0,0,0,0,0,0
547,Mo-Nb-Ti-V3.0-Zr,MoNbTiV3.0Zr,0,0,0,0,0,0,24.25,0,0,0,0,0,0,0,0,24.25,3,0,24.25,0,0,0,0,24.25,0,0,0,0,0,0,0
548,Mo-Nb-Ti-Zr,MoNbTiZr,0,0,0,0,0,0,25,0,0,0,0,0,0,0,0,25,0,0,25,0,0,0,0,25,0,0,0,0,0,0,0
549,Nb-Ta-V-W,NbTaVW,0,0,0,0,0,0,0,0,0,0,0,0,0,0,0,0,25,0,25,0,25,0,0,0,0,25,0,0,0,0,0
550,Nb-Ta-Ti-V-W,NbTaTiVW,0,0,0,0,0,0,20,0,0,0,0,0,0,0,0,0,20,0,20,0,20,0,0,0,0,20,0,0,0,0,0
551,Co-Fe-Ni-V,CoFeNiV,0,0,25,0,0,0,0,25,0,0,0,0,0,0,0,0,25,0,0,0,0,0,25,0,0,0,0,0,0,0,0
552,Co-Fe-Mo0.2-Ni-V,CoFeMo0.2NiV,0,0,24.95,0,0,0,0,24.95,0,0,0,0,0,0,0,0,24.95,0,0,0,0,0,24.95,0.2,0,0,0,0,0,0,0
553,Co-Fe-Mo0.4-Ni-V,CoFeMo0.4NiV,0,0,24.9,0,0,0,0,24.9,0,0,0,0,0,0,0,0,24.9,0,0,0,0,0,24.9,0.4,0,0,0,0,0,0,0
554,Co-Fe-Mo0.6-Ni-V,CoFeMo0.6NiV,0,0,24.85,0,0,0,0,24.85,0,0,0,0,0,0,0,0,24.85,0,0,0,0,0,24.85,0.6,0,0,0,0,0,0,0
555,Co-Fe-Mo0.8-Ni-V,CoFeMo0.8NiV,0,0,24.8,0,0,0,0,24.8,0,0,0,0,0,0,0,0,24.8,0,0,0,0,0,24.8,0.8,0,0,0,0,0,0,0
556,Co-Fe-Mo-Ni-V,CoFeMoNiV,0,0,20,0,0,0,0,20,0,0,0,0,0,0,0,0,20,0,0,0,0,0,20,20,0,0,0,0,0,0,0
557,Co-Fe-Mo-Ni1.2-V,CoFeMoNi1.2V,0,0,24.7,0,0,0,0,1.2,0,0,0,0,0,0,0,0,24.7,0,0,0,0,0,24.7,24.7,0,0,0,0,0,0,0
558,Co-Fe-Mo-Ni1.4-V,CoFeMoNi1.4V,0,0,24.65,0,0,0,0,1.4,0,0,0,0,0,0,0,0,24.65,0,0,0,0,0,24.65,24.65,0,0,0,0,0,0,0
559,Co-Fe-Mo-Ni1.6-V,CoFeMoNi1.6V,0,0,24.6,0,0,0,0,1.6,0,0,0,0,0,0,0,0,24.6,0,0,0,0,0,24.6,24.6,0,0,0,0,0,0,0
560,Co-Fe-Mo-Ni1.8-V,CoFeMoNi1.8V,0,0,24.55,0,0,0,0,1.8,0,0,0,0,0,0,0,0,24.55,0,0,0,0,0,24.55,24.55,0,0,0,0,0,0,0
561,Co-Fe-Mo-Ni2-V,CoFeMoNi2V,0,0,24.5,0,0,0,0,2,0,0,0,0,0,0,0,0,24.5,0,0,0,0,0,24.5,24.5,0,0,0,0,0,0,0
562,Co-Cr-Cu-Fe-Mn-Ni-Ti-V,CoCrCuFeMnNiTiV,0,12.5,12.5,12.5,0,12.5,12.5,12.5,0,0,0,0,0,0,0,0,12.5,0,0,0,0,0,12.5,0,0,0,0,0,0,0,0
563,Al11.1(Co-Cr-Cu-Fe-Mn-Ni-Ti-V)88.10,Al11.1(CoCrCuFeMnNiTiV)88.9,11.1,11.1125,11.1125,11.1125,0,11.1125,11.1125,11.1125,0,0,0,0,0,0,0,0,11.1125,0,0,0,0,0,11.1125,0,0,0,0,0,0,0,0
564,Al20(Co-Cr-Cu-Fe-Mn-Ni-Ti-V)81,Al20(CoCrCuFeMnNiTiV)80,20,10,10,10,0,10,10,10,0,0,0,0,0,0,0,0,10,0,0,0,0,0,10,0,0,0,0,0,0,0,0
565,Al40(Co-Cr-Cu-Fe-Mn-Ni-Ti-V)61,Al40(CoCrCuFeMnNiTiV)60,40,7.5,7.5,7.5,0,7.5,7.5,7.5,0,0,0,0,0,0,0,0,7.5,0,0,0,0,0,7.5,0,0,0,0,0,0,0,0
566,(CuMnNi)75Zn26,(CuMnNi)75Zn25,0,24.666666666666668,0,0,0,24.666666666666668,0,24.666666666666668,0,0,0,0,0,0,26,0,0,0,0,0,0,0,0,0,0,0,0,0,0,0,0
567,(CuMnNi)80Zn21,(CuMnNi)80Zn20,0,26.333333333333332,0,0,0,26.333333333333332,0,26.333333333333332,0,0,0,0,0,0,21,0,0,0,0,0,0,0,0,0,0,0,0,0,0,0,0
568,(CuMnNi)90Al11,(CuMnNi)90Al10,11,29.666666666666668,0,0,0,29.666666666666668,0,29.666666666666668,0,0,0,0,0,0,0,0,0,0,0,0,0,0,0,0,0,0,0,0,0,0,0
569,(CuMnNi)90Sn11,(CuMnNi)90Sn10,0,29.666666666666668,0,0,0,29.666666666666668,0,29.666666666666668,0,0,0,0,0,0,0,0,0,0,0,11,0,0,0,0,0,0,0,0,0,0,0
570,(CuMnNi)95Al6,(CuMnNi)95Al5,6,31.333333333333332,0,0,0,31.333333333333332,0,31.333333333333332,0,0,0,0,0,0,0,0,0,0,0,0,0,0,0,0,0,0,0,0,0,0,0
571,(CuMnNi)95Sn6,(CuMnNi)95Sn5,0,31.333333333333332,0,0,0,31.333333333333332,0,31.333333333333332,0,0,0,0,0,0,0,0,0,0,0,6,0,0,0,0,0,0,0,0,0,0,0
